"","state","county","Biden","Trump","cases","cases_avg","cases_avg_per_100k","deaths","deaths_avg","deaths_avg_per_100k","C1_School.closing","C2_Workplace.closing","C3_Cancel.public.events","C4_Restrictions.on.gatherings","C5_Close.public.transport","C6_Stay.at.home.requirements","C7_Restrictions.on.internal.movement","C8_International.travel.controls","retail_recreation","grocery_pharmacy","parks","transit","workplace","residential"
"1","Arizona","apache",23293,11442,36,21.71,30.21,3,0.71,0.99,2,2,1,3,1,0,0,0,-11.2903225806452,-9.32258064516129,29.258064516129,-1.90322580645161,-24.8709677419355,8.03225806451613
"2","Arizona","cochise",23732,35557,0,15.71,12.48,0,0.29,0.23,2,2,1,3,1,0,0,0,-17.0322580645161,-11.0645161290323,-19.1935483870968,-3.67741935483871,-24.4838709677419,4.58064516129032
"3","Arizona","coconino",44698,27052,41,49.86,34.75,0,0.29,0.2,2,2,1,3,1,0,0,0,4.54838709677419,9.64516129032258,77.1935483870968,16.1935483870968,-20.5161290322581,8.67741935483871
"4","Arizona","gila",8943,18377,42,18.14,33.59,0,0.29,0.53,2,2,1,3,1,0,0,0,5.12903225806452,12.7741935483871,34.0645161290323,NA,-14.1290322580645,3.29032258064516
"5","Arizona","graham",4034,10749,24,20.71,53.34,2,0.43,1.1,2,2,1,3,1,0,0,0,-7.19354838709677,-7.76923076923077,NA,NA,-19.0645161290323,4.72727272727273
"6","Arizona","greenlee",1182,2433,0,0.5,5.26,0,0,0,2,2,1,3,1,0,0,0,NA,NA,NA,NA,NA,NA
"7","Arizona","la paz",2236,5129,2,2,9.48,1,0.14,0.68,2,2,1,3,1,0,0,0,-40.2258064516129,-35.2941176470588,-62.8387096774194,-3.09677419354839,-43.7741935483871,3.04545454545455
"8","Arizona","maricopa",1040774,995665,890,813.71,18.14,25,11,0.25,2,2,1,3,1,0,0,0,-19.3870967741935,-11.6129032258065,-19.7096774193548,-28,-31.6129032258065,8.48387096774194
"9","Arizona","mohave",24831,78535,85,32.14,15.15,2,1,0.47,2,2,1,3,1,0,0,0,-4.96774193548387,1.45161290322581,8.58064516129032,17.3870967741935,-16.6129032258065,3.87096774193548
"10","Arizona","navajo",23383,27657,34,38.86,35.03,2,0.71,0.64,2,2,1,3,1,0,0,0,9.51612903225806,8.48387096774194,61.0967741935484,30.2903225806452,-11.0967741935484,5.09677419354839
"11","Arizona","pima",304981,207758,227,205.43,19.62,4,1.43,0.14,2,2,1,3,1,0,0,0,-21.8387096774194,-15.2258064516129,-25.4838709677419,-24.9354838709677,-27.8387096774194,8
"12","Arizona","pinal",75106,107077,102,68.57,14.82,0,1.57,0.34,2,2,1,3,1,0,0,0,-16.3548387096774,-8.80645161290323,-38.2903225806452,-4.03225806451613,-29.9354838709677,5.58064516129032
"13","Arizona","santa cruz",13138,6194,12,11.86,25.5,0,0,0,2,2,1,3,1,0,0,0,-34.9032258064516,-30.7272727272727,-23.4838709677419,-10.3225806451613,-28.1612903225806,6.70967741935484
"14","Arizona","yavapai",49602,91527,23,27.14,11.55,0,0.43,0.18,2,2,1,3,1,0,0,0,-4.29032258064516,3.80645161290323,25.5806451612903,25.7096774193548,-19.6774193548387,3.7741935483871
"15","Arizona","yuma",32210,36534,30,57.29,26.8,1,0.71,0.33,2,2,1,3,1,0,0,0,-28.4193548387097,-20.4193548387097,-32.6774193548387,-15.5161290322581,-33.7096774193548,5
"16","Florida","alachua",89704,50972,82,92.29,34.3,0,0.57,0.21,1,1,1,0,1,2,0,0,-23.4516129032258,-9.09677419354839,-27.3548387096774,-31.9032258064516,-24.9032258064516,8.19354838709677
"17","Florida","baker",2037,11911,8,8.71,29.83,0,0.71,2.45,1,1,1,0,1,2,0,0,2.06451612903226,5.69230769230769,NA,NA,-16.6774193548387,2.09090909090909
"18","Florida","bay",25614,66097,74,36.43,20.85,0,0.29,0.16,1,1,1,0,1,2,0,0,0.67741935483871,8.25806451612903,40.1290322580645,-8.25806451612903,-13.7741935483871,2.38709677419355
"19","Florida","bradford",3160,10334,3,3,10.64,0,0,0,1,1,1,0,1,2,0,0,-15.9354838709677,4.29032258064516,NA,NA,-19.4838709677419,2.95454545454545
"20","Florida","brevard",148549,207883,146,112.14,18.63,3,1.43,0.24,1,1,1,0,1,2,0,0,-18.6774193548387,-11.9032258064516,-11.6451612903226,-17.7741935483871,-23.9032258064516,5.93548387096774
"21","Florida","broward",618752,333409,503,517.29,26.49,1,1.71,0.09,1,1,1,0,1,2,0,0,-26.0967741935484,-17.5161290322581,-32.7096774193548,-46.1290322580645,-30.1612903225806,10.5483870967742
"22","Florida","calhoun",1209,5274,1,3.86,27.35,0,0,0,1,1,1,0,1,2,0,0,NA,NA,NA,NA,NA,NA
"23","Florida","charlotte",42273,73243,38,31.86,16.86,0,0.57,0.3,1,1,1,0,1,2,0,0,-23.258064516129,-11.5161290322581,-36.4516129032258,-18.6774193548387,-25.1612903225806,2.83870967741935
"24","Florida","citrus",27092,65352,16,21.29,14.22,1,0.86,0.57,1,1,1,0,1,2,0,0,-12.6451612903226,-9.38709677419355,-22.9354838709677,NA,-14.2258064516129,2.67741935483871
"25","Florida","clay",38317,84480,36,42.57,19.42,0,1.14,0.52,1,1,1,0,1,2,0,0,-10.7741935483871,-7.12903225806452,12.6774193548387,NA,-19.5806451612903,5.2258064516129
"26","Florida","collier",77621,128950,97,84.57,21.97,0,0.14,0.04,1,1,1,0,1,2,0,0,-30.1612903225806,-22.3548387096774,-41.3548387096774,-41.6129032258064,-31.5483870967742,3.7741935483871
"27","Florida","columbia",8914,23836,16,13.14,18.33,0,2.4,3.35,1,1,1,0,1,2,0,0,-7.19354838709677,5.35483870967742,-9.23529411764706,-5.25806451612903,-8.93548387096774,2.51612903225806
"28","Florida","desoto",4259,8313,4,4.57,12.03,0,0,0,1,1,1,0,1,2,0,0,-29.8064516129032,-22.3225806451613,-45.0322580645161,NA,-26.2258064516129,2.09090909090909
"29","Florida","dixie",1365,6759,2,3.86,22.92,0,0,0,1,1,1,0,1,2,0,0,NA,NA,NA,NA,NA,NA
"30","Florida","duval",252556,233762,150,191,19.94,6,2.29,0.24,1,1,1,0,1,2,0,0,-15.2258064516129,-8.06451612903226,-8,-25.0645161290323,-25.6129032258065,6.54838709677419
"31","Florida","escambia",70929,96674,74,61.29,19.25,1,0.57,0.18,1,1,1,0,1,2,0,0,-10.6451612903226,-2.45161290322581,7.61290322580645,-16.8064516129032,-22.0322580645161,4.38709677419355
"32","Florida","flagler",28161,43043,12,14.57,12.66,1,0.43,0.37,1,1,1,0,1,2,0,0,-13.3870967741935,-2.38709677419355,-6.58064516129032,NA,-22.9677419354839,4.7741935483871
"33","Florida","franklin",2120,4675,1,3.86,31.81,0,0,0,1,1,1,0,1,2,0,0,NA,NA,NA,NA,NA,NA
"34","Florida","gadsden",16153,7465,2,2.43,5.32,0,0.14,0.31,1,1,1,0,1,2,0,0,-3.48387096774194,-5.64516129032258,NA,-3.7741935483871,-22.2258064516129,5.61538461538461
"35","Florida","gilchrist",1700,7895,1,1.86,9.99,0,0.14,0.77,1,1,1,0,1,2,0,0,NA,NA,NA,NA,NA,NA
"36","Florida","glades",1385,3782,1,2.14,15.52,0,0,0,1,1,1,0,1,2,0,0,NA,NA,NA,NA,NA,NA
"37","Florida","gulf",1985,6113,2,3.29,24.09,0,0,0,1,1,1,0,1,2,0,0,NA,NA,NA,NA,NA,NA
"38","Florida","hamilton",1963,3815,1,1.71,11.88,0,0.33,2.31,1,1,1,0,1,2,0,0,NA,NA,NA,NA,NA,NA
"39","Florida","hardee",2298,6122,3,6.57,24.4,0,0.14,0.53,1,1,1,0,1,2,0,0,-16.6129032258065,-30.1612903225806,-27.6451612903226,NA,-25.6774193548387,2.90909090909091
"40","Florida","hendry",4929,7906,7,8.57,20.4,0,0.14,0.34,1,1,1,0,1,2,0,0,-18.8064516129032,-22,-49.0322580645161,NA,-24.9677419354839,3.96153846153846
"41","Florida","hernando",37519,70412,29,27.57,14.22,0,1,0.52,1,1,1,0,1,2,0,0,-11.0967741935484,-5.80645161290323,-15.4516129032258,NA,-18.5161290322581,3.80645161290323
"42","Florida","highlands",16938,34873,26,22.29,20.98,1,0.86,0.81,1,1,1,0,1,2,0,0,-25.4516129032258,-18.0645161290323,-28.7096774193548,-34,-24.6129032258065,2.51612903225806
"43","Florida","hillsborough",376367,327398,225,254.14,17.27,0,10.67,0.72,1,1,1,0,1,2,0,0,-20.1935483870968,-14.6129032258065,-13.2903225806452,-41.9032258064516,-28.741935483871,7.7741935483871
"44","Florida","holmes",924,8080,10,9.83,50.13,1,0.14,0.73,1,1,1,0,1,2,0,0,NA,NA,NA,NA,NA,NA
"45","Florida","indian river",37844,58872,24,30.86,19.3,0,0,0,1,1,1,0,1,2,0,0,-21.8709677419355,-20.1935483870968,-27.9032258064516,-4.19354838709677,-21.5483870967742,4.35483870967742
"46","Florida","jackson",6766,15488,35,13.43,28.93,0,0,0,1,1,1,0,1,2,0,0,-5.45161290322581,-5.48387096774194,NA,-4,-15.4838709677419,2.70967741935484
"47","Florida","jefferson",3897,4479,1,2.57,18.05,2,0.29,2.01,1,1,1,0,1,2,0,0,NA,NA,NA,NA,NA,NA
"48","Florida","lafayette",510,3128,4,1.14,13.57,0,0,0,1,1,1,0,1,2,0,0,NA,NA,NA,NA,NA,NA
"49","Florida","lake",83505,125859,66,47.29,12.88,1,0.5,0.14,1,1,1,0,1,2,0,0,-16.1612903225806,-11.7741935483871,-22.0967741935484,-26.741935483871,-23.2258064516129,4.80645161290323
"50","Florida","lee",157695,233247,146,131.71,17.09,5,2,0.26,1,1,1,0,1,2,0,0,-25.9032258064516,-17.7741935483871,-32.8709677419355,-46.5483870967742,-28.4516129032258,3.96774193548387
"51","Florida","leon",103517,57453,68,59.14,20.15,0,0.57,0.19,1,1,1,0,1,2,0,0,-21.0322580645161,-10.9677419354839,-0.612903225806452,-25.5483870967742,-30.9354838709677,10.0322580645161
"52","Florida","levy",6205,16749,6,5.43,13.08,0,0,0,1,1,1,0,1,2,0,0,2.03225806451613,-5.06451612903226,-14.4193548387097,NA,-17.1612903225806,1.70967741935484
"53","Florida","liberty",694,2846,2,1.14,13.68,0,0,0,1,1,1,0,1,2,0,0,NA,NA,NA,NA,NA,NA
"54","Florida","madison",3747,5576,1,1.57,8.5,0,0.14,0.77,1,1,1,0,1,2,0,0,NA,NA,NA,NA,NA,NA
"55","Florida","manatee",90166,124987,54,91.29,22.64,0,0,0,1,1,1,0,1,2,0,0,-23.9032258064516,-14.7741935483871,-17.0967741935484,-17.6129032258065,-22.1612903225806,4.16129032258065
"56","Florida","marion",74858,127826,50,41.86,11.45,0,0.83,0.23,1,1,1,0,1,2,0,0,-12.4838709677419,-8.2258064516129,-11.9032258064516,0.967741935483871,-18.0645161290323,3.35483870967742
"57","Florida","martin",36893,61168,18,19.86,12.33,3,0.86,0.53,1,1,1,0,1,2,0,0,-21.2903225806452,-15.258064516129,-25.5806451612903,-4.80645161290323,-29.1290322580645,4.96774193548387
"58","Florida","miami-dade",617864,532833,879,769.43,28.32,6,7.29,0.27,1,1,1,0,1,2,0,0,-24.8387096774194,-15.0967741935484,-48.2903225806452,-47.741935483871,-27.3548387096774,9.67741935483871
"59","Florida","monroe",21881,25693,35,26.71,35.99,0,0,0,1,1,1,0,1,2,0,0,-33.1290322580645,-23.8064516129032,-43.8064516129032,-39.0322580645161,-27.8064516129032,3.54838709677419
"60","Florida","nassau",15564,42566,3,8.57,9.67,0,0.14,0.16,1,1,1,0,1,2,0,0,-11.1612903225806,2.70967741935484,7.48387096774194,-40.9523809523809,-19.5806451612903,3.87096774193548
"61","Florida","okaloosa",34248,79798,67,59,28,0,0,0,1,1,1,0,1,2,0,0,0.709677419354839,1.45161290322581,57.258064516129,9.70967741935484,-16.3870967741935,3.54838709677419
"62","Florida","okeechobee",4390,11470,6,5.43,12.87,1,0.43,1.02,1,1,1,0,1,2,0,0,-18.9677419354839,-17.3225806451613,-44.9354838709677,-37.9677419354839,-24.3870967741935,2.67741935483871
"63","Florida","orange",395014,245398,360,264.86,19.01,0,2.14,0.15,1,1,1,0,1,2,0,0,-28.6451612903226,-18.258064516129,-34.6451612903226,-50.4193548387097,-32.6774193548387,9.16129032258065
"64","Florida","osceola",97297,73480,90,74.29,19.77,5,2,0.53,1,1,1,0,1,2,0,0,-21.3548387096774,-13,-21.0645161290323,-33.8387096774194,-27.6451612903226,7.45161290322581
"65","Florida","palm beach",433572,334711,360,334.14,22.32,4,4.86,0.32,1,1,1,0,1,2,0,0,-23.6451612903226,-15.1290322580645,-28.4193548387097,-40.5161290322581,-27.0322580645161,8.35483870967742
"66","Florida","pasco",119073,179621,95,75,13.54,0,1.14,0.21,1,1,1,0,1,2,0,0,-11.0645161290323,-12.1612903225806,-22.9032258064516,-14.9677419354839,-23.3225806451613,5.06451612903226
"67","Florida","pinellas",277450,276209,138,151.86,15.58,3,1.43,0.15,1,1,1,0,1,2,0,0,-22.7096774193548,-15.5483870967742,1.58064516129032,-27.7741935483871,-26.0967741935484,6.29032258064516
"68","Florida","polk",145049,194586,120,109,15.04,8,2.57,0.35,1,1,1,0,1,2,0,0,-16.8064516129032,-8.64516129032258,-13.5483870967742,-9.32258064516129,-23.5806451612903,5.51612903225806
"69","Florida","putnam",10527,25514,10,9.14,12.27,0,0,0,1,1,1,0,1,2,0,0,-7.64516129032258,-5.80645161290323,1,NA,-12.1612903225806,3
"70","Florida","santa rosa",27612,77385,25,25.57,13.87,0,0.14,0.08,1,1,1,0,1,2,0,0,-1.45161290322581,2.61290322580645,6.83870967741935,NA,-17.9354838709677,4.19354838709677
"71","Florida","sarasota",120110,148370,58,72.43,16.7,1,1.33,0.31,1,1,1,0,1,2,0,0,-27.5483870967742,-18.0967741935484,-27.9677419354839,-43.0322580645161,-28.6129032258065,4.12903225806452
"72","Florida","seminole",132528,125241,64,61.57,13.05,2,1,0.21,1,1,1,0,1,2,0,0,-19.0322580645161,-11.0645161290323,-8.09677419354839,-22.1935483870968,-30.9032258064516,9.09677419354839
"73","Florida","st. johns",63850,110946,62,56.86,21.48,0,0.71,0.27,1,1,1,0,1,2,0,0,-8.29032258064516,-5.51612903225806,-0.0967741935483871,-1.06451612903226,-23.4516129032258,6.54838709677419
"74","Florida","st. lucie",84137,86831,52,40.57,12.36,0,0.71,0.22,1,1,1,0,1,2,0,0,-14.5806451612903,-9.80645161290323,-20.3870967741935,-6.87096774193548,-19.4516129032258,5.80645161290323
"75","Florida","sumter",29341,62761,24,17.43,13.16,0,0.33,0.25,1,1,1,0,1,2,0,0,-24.5806451612903,-14.1612903225806,-44.5161290322581,-3.7741935483871,-24.3870967741935,3.41935483870968
"76","Florida","suwannee",4485,16410,6,7.29,16.4,0,0.14,0.32,1,1,1,0,1,2,0,0,-6,0.774193548387097,15.7272727272727,-63,-17.0645161290323,1.67741935483871
"77","Florida","taylor",2299,7751,7,7,32.45,0,0.29,1.32,1,1,1,0,1,2,0,0,-8.42105263157895,-0.307692307692308,NA,NA,-13.8387096774194,NA
"78","Florida","union",1053,5133,8,4.71,30.94,0,0.29,1.88,1,1,1,0,1,2,0,0,NA,NA,NA,NA,NA,NA
"79","Florida","volusia",130575,173821,97,85.29,15.41,0,0.86,0.15,1,1,1,0,1,2,0,0,-15.7741935483871,-8.61290322580645,-4.03225806451613,-29.1612903225806,-23.4193548387097,4.87096774193548
"80","Florida","wakulla",5351,12874,5,5.43,16.09,0,0,0,1,1,1,0,1,2,0,0,0.193548387096774,-7.42307692307692,4.61538461538461,NA,-22.2903225806452,6.5
"81","Florida","walton",10338,32947,33,26.29,35.49,0,0,0,1,1,1,0,1,2,0,0,9.51612903225806,5.61290322580645,46.6129032258064,11.258064516129,-12.0645161290323,0.806451612903226
"82","Florida","washington",2347,9876,4,5,19.63,0,0,0,1,1,1,0,1,2,0,0,-11.2903225806452,8.90909090909091,NA,NA,-14.1935483870968,2.68181818181818
"83","Georgia","appling",1779,6526,0,3.29,17.87,0,0.14,0.78,2,1,2,3,0,2,0,0,-7.625,-1.25,NA,NA,-14.2258064516129,NA
"84","Georgia","atkinson",825,2300,1,1,12.25,0,0.14,1.75,2,1,2,3,0,2,0,0,NA,NA,NA,NA,NA,NA
"85","Georgia","bacon",625,4018,-1,1.5,13.44,0,0,0,2,1,2,3,0,2,0,0,NA,NA,NA,NA,NA,NA
"86","Georgia","baker",652,897,1,0.43,14.11,0,0,0,2,1,2,3,0,2,0,0,NA,NA,NA,NA,NA,NA
"87","Georgia","baldwin",9140,8903,4,5.57,12.41,0,0.14,0.32,2,1,2,3,0,2,0,0,-3.67741935483871,-4.45161290322581,NA,NA,-17.9677419354839,3.96153846153846
"88","Georgia","banks",932,7795,7,5.17,26.86,0,0,0,2,1,2,3,0,2,0,0,0.774193548387097,NA,NA,NA,-7,0.133333333333333
"89","Georgia","barrow",10453,26804,19,17.29,20.77,1,0.14,0.17,2,1,2,3,0,2,0,0,-4.87096774193548,3.25806451612903,NA,NA,-17.7096774193548,4.16129032258065
"90","Georgia","bartow",12092,37674,24,24.29,22.54,0,0.29,0.27,2,1,2,3,0,2,0,0,-7.16129032258065,9.41935483870968,38.4838709677419,-1.25806451612903,-15.0645161290323,3.32258064516129
"91","Georgia","ben hill",2392,4110,1,3.14,18.82,0,0.14,0.86,2,1,2,3,0,2,0,0,-5.625,-0.181818181818182,NA,NA,-14.258064516129,NA
"92","Georgia","berrien",1269,6419,2,2.57,13.26,0,0.14,0.74,2,1,2,3,0,2,0,0,NA,NA,NA,NA,NA,NA
"93","Georgia","bibb",43468,26585,17,21.57,14.08,0,0.57,0.37,2,1,2,3,0,2,0,0,-18.6129032258065,-4.61290322580645,39.6363636363636,9.19354838709677,-20.9032258064516,5.7741935483871
"94","Georgia","bleckley",1311,4328,1,3,23.3,0,0,0,2,1,2,3,0,2,0,0,NA,NA,NA,NA,NA,NA
"95","Georgia","brantley",699,6991,3,4.57,23.92,0,0,0,2,1,2,3,0,2,0,0,NA,NA,NA,NA,NA,NA
"96","Georgia","brooks",2790,4260,0,1.33,8.63,0,0,0,2,1,2,3,0,2,0,0,NA,NA,NA,NA,NA,NA
"97","Georgia","bryan",6739,14244,2,3.25,8.2,0,0.29,0.72,2,1,2,3,0,2,0,0,2.2258064516129,1.96774193548387,-4.5,32.1290322580645,-17.3548387096774,4.15384615384615
"98","Georgia","bulloch",11243,18386,1,8,10.05,0,0,0,2,1,2,3,0,2,0,0,-13.1935483870968,-1.06451612903226,NA,NA,-13.4516129032258,5.29032258064516
"99","Georgia","burke",5209,5400,0,4.67,20.85,0,0,0,2,1,2,3,0,2,0,0,-6.53846153846154,-9.11538461538461,-24.7,NA,-20.1935483870968,3.54545454545455
"100","Georgia","butts",3274,8406,7,5,20.05,0,0,0,2,1,2,3,0,2,0,0,2.15384615384615,-8.03225806451613,NA,-0.290322580645161,-19.4838709677419,3.18181818181818
"101","Georgia","calhoun",1260,923,0,1.29,20.77,0,0.14,2.31,2,1,2,3,0,2,0,0,NA,NA,NA,NA,NA,NA
"102","Georgia","camden",7967,15251,-2,9.33,17.07,0,0,0,2,1,2,3,0,2,0,0,-11.4516129032258,10.1612903225806,6.83870967741935,-2.03225806451613,-16.6774193548387,4.09677419354839
"103","Georgia","candler",1269,3133,3,1.29,11.9,0,0.14,1.32,2,1,2,3,0,2,0,0,NA,NA,NA,NA,NA,NA
"104","Georgia","carroll",16238,37476,16,32.71,27.26,0,0.43,0.36,2,1,2,3,0,2,0,0,-0.870967741935484,7.12903225806452,22.6666666666667,2.48387096774194,-14.741935483871,3.19354838709677
"105","Georgia","catoosa",6932,25167,19,14.14,20.93,0,0.14,0.21,2,1,2,3,0,2,0,0,-5.61290322580645,3.2258064516129,7.73076923076923,1.5,-28.2258064516129,4.7741935483871
"106","Georgia","charlton",1103,3419,1,1.14,8.53,0,0,0,2,1,2,3,0,2,0,0,NA,NA,NA,NA,NA,NA
"107","Georgia","chatham",78254,53237,21,25.29,8.74,1,0.71,0.25,2,1,2,3,0,2,0,0,-12.7741935483871,-7.90322580645161,14.7741935483871,-31.258064516129,-26.5806451612903,6.09677419354839
"108","Georgia","chattahoochee",667,880,9,9.71,89.06,0,0,0,2,1,2,3,0,2,0,0,-43.2,-37.5,NA,NA,-33.2272727272727,NA
"109","Georgia","chattooga",1854,8064,10,8.86,35.73,0,0,0,2,1,2,3,0,2,0,0,-2,7.68181818181818,NA,NA,-17.3548387096774,2.90909090909091
"110","Georgia","cherokee",42794,99587,55,65.14,25.17,0,0,0,2,1,2,3,0,2,0,0,-4.51612903225806,-2.12903225806452,89.8518518518518,NA,-27.0967741935484,6.2258064516129
"111","Georgia","clarke",36048,14446,24,32,24.94,0,0.29,0.22,2,1,2,3,0,2,0,0,-21.741935483871,-10.4193548387097,-0.741935483870968,-59.2903225806452,-21.0967741935484,7.54838709677419
"112","Georgia","clay",790,637,0,0.14,5.04,0,0,0,2,1,2,3,0,2,0,0,NA,NA,NA,NA,NA,NA
"113","Georgia","clayton",95476,15813,47,52.14,17.84,0,0.57,0.2,2,1,2,3,0,2,0,0,-7.74193548387097,-7.06451612903226,46.9032258064516,-50.7741935483871,-27.1290322580645,6.93548387096774
"114","Georgia","clinch",747,2105,0,2.57,38.86,0,0.14,2.16,2,1,2,3,0,2,0,0,NA,NA,NA,NA,NA,NA
"115","Georgia","cobb",221846,165459,157,129.29,17.01,5,1.57,0.21,2,1,2,3,0,2,0,0,-15.6451612903226,-9.80645161290323,50.1935483870968,-29.2903225806452,-33.1935483870968,9.25806451612903
"116","Georgia","coffee",4511,10578,8,10.29,23.77,0,0.57,1.32,2,1,2,3,0,2,0,0,-4.61290322580645,0.838709677419355,NA,NA,-13.3225806451613,2.22727272727273
"117","Georgia","colquitt",4187,11777,4,4,8.77,0,0.14,0.31,2,1,2,3,0,2,0,0,-6.32258064516129,4.45161290322581,NA,NA,-11.4838709677419,2.15384615384615
"118","Georgia","columbia",29236,50013,7,32.29,20.6,0,0.29,0.18,2,1,2,3,0,2,0,0,-4.51612903225806,-2.19354838709677,40.8064516129032,-0.806451612903226,-21.7096774193548,5.7741935483871
"119","Georgia","cook",2059,4900,7,6.86,39.71,0,0,0,2,1,2,3,0,2,0,0,-2.875,NA,NA,12.2272727272727,-12.7333333333333,NA
"120","Georgia","coweta",24210,51501,8,23.29,15.68,0,0,0,2,1,2,3,0,2,0,0,-5.45161290322581,-1.74193548387097,NA,18.6451612903226,-16.7741935483871,5.2258064516129
"121","Georgia","crawford",1615,4428,0,0.14,1.15,0,0,0,2,1,2,3,0,2,0,0,NA,NA,NA,NA,NA,NA
"122","Georgia","crisp",2986,4987,4,5.14,22.99,0,0.14,0.64,2,1,2,3,0,2,0,0,-1.64516129032258,7.46153846153846,NA,5.51851851851852,-17.4516129032258,2.8
"123","Georgia","dade",1261,6066,5,3.86,23.93,0,0,0,2,1,2,3,0,2,0,0,NA,NA,NA,NA,NA,NA
"124","Georgia","dawson",2486,13398,4,3,11.49,0,0,0,2,1,2,3,0,2,0,0,9,3.61290322580645,-14,NA,-15.4516129032258,2.95454545454545
"125","Georgia","decatur",4780,6758,0,4,15.15,0,0.14,0.54,2,1,2,3,0,2,0,0,-3.06451612903226,-8.81818181818182,NA,NA,-15.0322580645161,2.81818181818182
"126","Georgia","dekalb",308227,58373,138,121.43,15.99,0,0.86,0.11,2,1,2,3,0,2,0,0,-19.2258064516129,-9.45161290322581,22.8387096774194,-40.5161290322581,-34.741935483871,9.7741935483871
"127","Georgia","dodge",2171,5843,10,10.71,52,0,0.29,1.39,2,1,2,3,0,2,0,0,-11.25,NA,NA,NA,-13.8064516129032,NA
"128","Georgia","dooly",1911,2159,0,1.29,9.6,1,0.14,1.07,2,1,2,3,0,2,0,0,NA,NA,NA,NA,NA,NA
"129","Georgia","dougherty",24577,10454,1,5.86,6.66,0,0,0,2,1,2,3,0,2,0,0,-8.83870967741935,-8.80645161290323,NA,-15.2903225806452,-20.2258064516129,4.41935483870968
"130","Georgia","douglas",42809,25451,22,29.71,20.3,0,0.14,0.1,2,1,2,3,0,2,0,0,-13.5161290322581,-5.38709677419355,47.96,-53.8387096774194,-26.6774193548387,6.83870967741935
"131","Georgia","early",2437,2722,1,1.57,15.42,0,0,0,2,1,2,3,0,2,0,0,NA,NA,NA,NA,NA,NA
"132","Georgia","echols",167,1256,0,0.14,3.57,0,0,0,2,1,2,3,0,2,0,0,NA,NA,NA,NA,NA,NA
"133","Georgia","effingham",7720,23358,3,9.14,14.22,0,0.14,0.22,2,1,2,3,0,2,0,0,-7.25806451612903,-7.87096774193548,NA,NA,-18.1612903225806,3.16129032258065
"134","Georgia","elbert",2879,6226,7,8,41.68,0,0.43,2.23,2,1,2,3,0,2,0,0,-3,7.89285714285714,NA,NA,-13.4516129032258,NA
"135","Georgia","emanuel",2884,6551,5,6.29,27.76,0,0.29,1.26,2,1,2,3,0,2,0,0,3.53846153846154,NA,NA,NA,-11.6129032258065,3.77272727272727
"136","Georgia","evans",1324,2888,1,1.67,15.64,0,0,0,2,1,2,3,0,2,0,0,NA,NA,NA,NA,NA,NA
"137","Georgia","fannin",2571,12169,2,3.4,12.98,0,0.17,0.64,2,1,2,3,0,2,0,0,18.6129032258065,21.7058823529412,NA,NA,-15.4838709677419,1.09090909090909
"138","Georgia","fayette",33065,37952,14,18.14,15.86,0,0,0,2,1,2,3,0,2,0,0,-9,-5.38709677419355,34.5,NA,-25.5806451612903,8.12903225806452
"139","Georgia","floyd",12008,29123,39,40.86,41.48,0,0.29,0.29,2,1,2,3,0,2,0,0,-9.80645161290323,-2.80645161290323,42,NA,-25.6129032258065,2.35483870967742
"140","Georgia","forsyth",42203,85122,18,34.14,13.98,0,0.14,0.06,2,1,2,3,0,2,0,0,-7.70967741935484,-4.16129032258065,88.375,NA,-30.9677419354839,9.90322580645161
"141","Georgia","franklin",1593,9069,9,5.71,24.47,0,0,0,2,1,2,3,0,2,0,0,6.66666666666667,-1,-24,-10,-13.8387096774194,3.14285714285714
"142","Georgia","fulton",381144,137240,128,150.43,14.14,1,1.43,0.13,2,1,2,3,0,2,0,0,-23.3870967741935,-14.6774193548387,-16.2258064516129,-45.2903225806452,-39.4193548387097,10.4838709677419
"143","Georgia","gilmer",2932,13429,10,7,22.32,2,0.6,1.91,2,1,2,3,0,2,0,0,13.5806451612903,16.5769230769231,NA,NA,-11.0322580645161,1.09090909090909
"144","Georgia","glascock",155,1403,1,0.86,28.85,0,0,0,2,1,2,3,0,2,0,0,NA,NA,NA,NA,NA,NA
"145","Georgia","glynn",15879,25616,17,14.43,16.92,0,0,0,2,1,2,3,0,2,0,0,-10.7096774193548,-2.80645161290323,18.5161290322581,-12.4516129032258,-23.3548387096774,4.03225806451613
"146","Georgia","gordon",4384,19405,32,27,46.58,0,0.29,0.49,2,1,2,3,0,2,0,0,-5.64516129032258,9.16129032258065,NA,55.5161290322581,-17.8387096774194,2.54838709677419
"147","Georgia","grady",3619,7034,3,3.14,12.76,0,0,0,2,1,2,3,0,2,0,0,-8.5,-15.1,NA,NA,-18.7741935483871,3.45454545454545
"148","Georgia","greene",4088,7068,2,3.43,18.71,0,0,0,2,1,2,3,0,2,0,0,NA,NA,NA,NA,NA,NA
"149","Georgia","gwinnett",241827,166413,125,162.43,17.35,0,1.29,0.14,2,1,2,3,0,2,0,0,-13.0967741935484,-10.6774193548387,79.6129032258064,-32.1612903225806,-30.0645161290323,8.09677419354839
"150","Georgia","habersham",3563,16637,7,6,13.24,0,0,0,2,1,2,3,0,2,0,0,0.419354838709677,2.58064516129032,NA,NA,-12.2258064516129,1.92307692307692
"151","Georgia","hall",25031,64170,58,42.29,20.68,1,0.86,0.42,2,1,2,3,0,2,0,0,-5.54838709677419,-3,84.7,-28.3333333333333,-16.258064516129,3.35483870967742
"152","Georgia","hancock",2985,1159,0,1,11.82,0,0.14,1.69,2,1,2,3,0,2,0,0,NA,NA,NA,NA,NA,NA
"153","Georgia","haralson",1792,12331,2,7,23.5,0,0.14,0.48,2,1,2,3,0,2,0,0,4,-2.14814814814815,-4.85714285714286,0,-20.2258064516129,2
"154","Georgia","harris",5457,14319,1,1.71,4.87,0,0,0,2,1,2,3,0,2,0,0,NA,NA,NA,NA,NA,NA
"155","Georgia","hart",3157,9464,3,4.57,17.44,0,0.14,0.55,2,1,2,3,0,2,0,0,-1.68,1.28571428571429,NA,NA,-16.5806451612903,2.68181818181818
"156","Georgia","heard",824,4516,1,2.86,23.96,0,0,0,2,1,2,3,0,2,0,0,NA,NA,NA,NA,NA,NA
"157","Georgia","henry",73276,48187,22,45.43,19.37,1,0.43,0.18,2,1,2,3,0,2,0,0,-7.2258064516129,-8.58064516129032,55.7096774193548,NA,-28.1612903225806,7.51612903225806
"158","Georgia","houston",32232,41534,11,27.14,17.19,1,0.29,0.18,2,1,2,3,0,2,0,0,-7.67741935483871,-3.61290322580645,4.83333333333333,NA,-22.0322580645161,4.96774193548387
"159","Georgia","irwin",1008,3134,1,1.33,14.16,0,0,0,2,1,2,3,0,2,0,0,NA,NA,NA,NA,NA,NA
"160","Georgia","jackson",7642,29497,30,22.14,30.34,0,0.29,0.39,2,1,2,3,0,2,0,0,19.9032258064516,9.12903225806452,NA,18.1612903225806,-16.5806451612903,3.67741935483871
"161","Georgia","jasper",1761,5822,2,2.14,15.07,0,0,0,2,1,2,3,0,2,0,0,NA,NA,NA,NA,NA,NA
"162","Georgia","jeff davis",1028,4695,1,3.43,22.68,2,0.29,1.89,2,1,2,3,0,2,0,0,NA,NA,NA,NA,NA,NA
"163","Georgia","jefferson",4061,3537,0,0.83,5.42,0,0,0,2,1,2,3,0,2,0,0,NA,NA,NA,NA,NA,NA
"164","Georgia","jenkins",1266,2161,-1,1.5,17.29,0,0,0,2,1,2,3,0,2,0,0,NA,NA,NA,NA,NA,NA
"165","Georgia","johnson",1222,2850,-1,0.8,8.3,0,0.14,1.48,2,1,2,3,0,2,0,0,NA,NA,NA,NA,NA,NA
"166","Georgia","jones",4888,9965,3,2.43,8.45,0,0.14,0.5,2,1,2,3,0,2,0,0,NA,NA,NA,NA,NA,NA
"167","Georgia","lamar",2615,6330,6,3.14,16.47,0,0,0,2,1,2,3,0,2,0,0,NA,NA,NA,NA,NA,NA
"168","Georgia","lanier",1019,2509,0,0.33,3.2,0,0,0,2,1,2,3,0,2,0,0,NA,NA,NA,NA,NA,NA
"169","Georgia","laurens",8073,14493,12,14,29.45,2,0.71,1.5,2,1,2,3,0,2,0,0,-8.80645161290323,-2.90322580645161,NA,16.0645161290323,-14.1612903225806,2.41935483870968
"170","Georgia","lee",4558,12007,0,3,10,0,0.14,0.48,2,1,2,3,0,2,0,0,-3.45161290322581,NA,NA,NA,-19.1290322580645,3.90909090909091
"171","Georgia","liberty",13099,7959,6,12.75,20.75,0,0,0,2,1,2,3,0,2,0,0,-15.3225806451613,-9.09677419354839,-10.0333333333333,-22.5,-23.9032258064516,4.67741935483871
"172","Georgia","lincoln",1435,3179,0,1.71,21.64,0,0,0,2,1,2,3,0,2,0,0,NA,NA,NA,NA,NA,NA
"173","Georgia","long",2033,3528,0,0.83,4.26,0,0,0,2,1,2,3,0,2,0,0,NA,NA,NA,NA,NA,NA
"174","Georgia","lowndes",20117,25691,10,20.86,17.76,2,0.57,0.49,2,1,2,3,0,2,0,0,-10.5483870967742,-3.29032258064516,-4.64516129032258,-0.548387096774194,-17.9032258064516,3.7741935483871
"175","Georgia","lumpkin",3126,12163,8,4.57,13.6,0,0.29,0.85,2,1,2,3,0,2,0,0,7.80645161290323,11.6,NA,NA,-13.4193548387097,1.27272727272727
"176","Georgia","macon",2857,1783,1,1.57,12.14,0,0,0,2,1,2,3,0,2,0,0,NA,NA,NA,NA,NA,NA
"177","Georgia","madison",3411,11326,9,7.14,23.91,0,0,0,2,1,2,3,0,2,0,0,NA,NA,NA,NA,NA,NA
"178","Georgia","marion",1311,2275,0,1.29,15.38,0,0,0,2,1,2,3,0,2,0,0,NA,NA,NA,NA,NA,NA
"179","Georgia","mcduffie",4168,6169,5,7,32.85,0,0.14,0.67,2,1,2,3,0,2,0,0,-2.29032258064516,-21.8076923076923,NA,-7,-16.5483870967742,2.72727272727273
"180","Georgia","mcintosh",2612,4016,2,2.43,16.89,0,0,0,2,1,2,3,0,2,0,0,NA,NA,NA,NA,NA,NA
"181","Georgia","meriwether",4287,6524,2,1.83,8.66,0,0,0,2,1,2,3,0,2,0,0,NA,NA,NA,NA,NA,NA
"182","Georgia","miller",749,2066,6,1.86,32.48,0,0,0,2,1,2,3,0,2,0,0,NA,NA,NA,NA,NA,NA
"183","Georgia","mitchell",3995,4935,0,2.33,10.67,0,0.14,0.65,2,1,2,3,0,2,0,0,NA,NA,NA,NA,NA,NA
"184","Georgia","monroe",4384,11060,5,3.86,13.99,0,0.29,1.04,2,1,2,3,0,2,0,0,11.1333333333333,NA,3.5,30.4,-21.0645161290323,4.27272727272727
"185","Georgia","montgomery",979,2960,-5,1.4,15.26,0,0,0,2,1,2,3,0,2,0,0,NA,NA,NA,NA,NA,NA
"186","Georgia","morgan",3355,8230,-1,6.67,34.59,0,0,0,2,1,2,3,0,2,0,0,-2.61290322580645,NA,NA,-2.54838709677419,-16.4516129032258,NA
"187","Georgia","murray",2302,12943,12,13.43,33.49,0,0.14,0.36,2,1,2,3,0,2,0,0,-1.84615384615385,12.7931034482759,NA,NA,-18.3548387096774,2.03846153846154
"188","Georgia","muscogee",49529,30049,11,12.14,6.2,1,0.29,0.15,2,1,2,3,0,2,0,0,-15.0967741935484,-6.41935483870968,20.741935483871,-12.7741935483871,-23.1935483870968,5.35483870967742
"189","Georgia","newton",29794,23869,7,15.43,13.81,0,0.14,0.13,2,1,2,3,0,2,0,0,-6.48387096774194,-5.74193548387097,4.54545454545455,NA,-26.2258064516129,5.93548387096774
"190","Georgia","oconee",8162,16595,5,6.67,16.55,0,0.14,0.35,2,1,2,3,0,2,0,0,-9,-15.6666666666667,NA,NA,-22.3870967741935,6.77272727272727
"191","Georgia","oglethorpe",2436,5593,5,3.29,21.53,0,0,0,2,1,2,3,0,2,0,0,NA,NA,NA,NA,NA,NA
"192","Georgia","paulding",29704,54525,30,29.57,17.53,1,0.29,0.17,2,1,2,3,0,2,0,0,-4.90322580645161,-10.5483870967742,27.75,NA,-23.6774193548387,6
"193","Georgia","peach",5920,6502,6,6.86,24.89,0,0,0,2,1,2,3,0,2,0,0,6.35483870967742,16.5357142857143,NA,13.4193548387097,-21.8064516129032,4.95454545454545
"194","Georgia","pickens",2808,14075,7,8.29,25.42,0,0,0,2,1,2,3,0,2,0,0,8.09677419354839,-4.90322580645161,NA,NA,-18.0645161290323,2.90909090909091
"195","Georgia","pierce",1100,7899,2,9.43,48.44,0,0,0,2,1,2,3,0,2,0,0,NA,NA,NA,NA,NA,NA
"196","Georgia","pike",1505,9127,2,5.43,28.63,0,0,0,2,1,2,3,0,2,0,0,NA,NA,NA,NA,NA,NA
"197","Georgia","polk",3658,13589,6,15.14,35.54,0,0.14,0.34,2,1,2,3,0,2,0,0,-1.19354838709677,2.29032258064516,NA,NA,-15.2258064516129,1.96774193548387
"198","Georgia","pulaski",1217,2805,-1,1.5,13.47,0,0,0,2,1,2,3,0,2,0,0,NA,NA,NA,NA,NA,NA
"199","Georgia","putnam",3448,8291,6,5.43,24.54,0,0,0,2,1,2,3,0,2,0,0,-2,NA,NA,NA,-15.6774193548387,2.61111111111111
"200","Georgia","quitman",497,604,0,0.5,21.75,0,0,0,2,1,2,3,0,2,0,0,NA,NA,NA,NA,NA,NA
"201","Georgia","rabun",1984,7474,2,1.57,9.17,0,0,0,2,1,2,3,0,2,0,0,8.25,24.9230769230769,27.5,NA,-5.12903225806452,NA
"202","Georgia","randolph",1671,1391,1,0.43,6.32,0,0.14,2.11,2,1,2,3,0,2,0,0,NA,NA,NA,NA,NA,NA
"203","Georgia","richmond",59124,26781,12,44.86,22.15,0,0.43,0.21,2,1,2,3,0,2,0,0,-12.8387096774194,-1.87096774193548,-5.87096774193548,-26.4193548387097,-17.4193548387097,5.41935483870968
"204","Georgia","rockdale",31244,13012,10,13.71,15.09,0,0.29,0.31,2,1,2,3,0,2,0,0,-8.93548387096774,-3.12903225806452,24.3333333333333,NA,-28.0645161290323,7.2258064516129
"205","Georgia","schley",462,1800,0,0.29,5.43,0,0,0,2,1,2,3,0,2,0,0,NA,NA,NA,NA,NA,NA
"206","Georgia","screven",2661,3916,1,1,7.16,0,0,0,2,1,2,3,0,2,0,0,NA,NA,NA,NA,NA,NA
"207","Georgia","seminole",1254,2611,0,1.83,22.66,0,0,0,2,1,2,3,0,2,0,0,NA,NA,NA,NA,NA,NA
"208","Georgia","spalding",11784,18057,18,13.14,19.7,1,0.29,0.43,2,1,2,3,0,2,0,0,-3.58064516129032,-5.70967741935484,NA,NA,-18.3225806451613,3.90322580645161
"209","Georgia","stephens",2385,9368,12,3.86,14.88,0,0.14,0.55,2,1,2,3,0,2,0,0,-2.46153846153846,-6.69565217391304,NA,NA,-14.0322580645161,2.63636363636364
"210","Georgia","stewart",1182,801,0,1.17,17.62,1,0.14,2.16,2,1,2,3,0,2,0,0,NA,NA,NA,NA,NA,NA
"211","Georgia","sumter",6318,5732,1,3.29,11.13,0,0,0,2,1,2,3,0,2,0,0,-5.74193548387097,-1.38461538461538,NA,NA,-21.9032258064516,4
"212","Georgia","talbot",2114,1392,0,0.86,13.84,0,0,0,2,1,2,3,0,2,0,0,NA,NA,NA,NA,NA,NA
"213","Georgia","taliaferro",561,360,0,0.57,37.18,0,0,0,2,1,2,3,0,2,0,0,NA,NA,NA,NA,NA,NA
"214","Georgia","tattnall",2061,6053,0,4.57,18.08,0,0.14,0.56,2,1,2,3,0,2,0,0,NA,NA,NA,NA,NA,NA
"215","Georgia","taylor",1387,2418,3,2.57,32.06,0,0,0,2,1,2,3,0,2,0,0,NA,NA,NA,NA,NA,NA
"216","Georgia","telfair",1487,2825,0,2.2,13.87,0,0,0,2,1,2,3,0,2,0,0,NA,NA,NA,NA,NA,NA
"217","Georgia","terrell",2376,2004,0,0.5,5.86,0,0,0,2,1,2,3,0,2,0,0,NA,NA,NA,NA,NA,NA
"218","Georgia","thomas",8708,12954,5,6,13.5,0,0.29,0.64,2,1,2,3,0,2,0,0,-10.0322580645161,-0.870967741935484,NA,NA,-15.1935483870968,3.86666666666667
"219","Georgia","tift",5322,10784,3,6.14,15.11,0,0.29,0.7,2,1,2,3,0,2,0,0,-1.61290322580645,-6.32258064516129,NA,-9.41935483870968,-13.8709677419355,2.12
"220","Georgia","toombs",2939,7872,6,5.29,19.7,0,0.29,1.06,2,1,2,3,0,2,0,0,-10.0322580645161,-1.88461538461538,NA,NA,-13.2258064516129,3.04545454545455
"221","Georgia","towns",1550,6384,8,3.71,30.86,0,0,0,2,1,2,3,0,2,0,0,NA,NA,NA,NA,NA,NA
"222","Georgia","treutlen",952,2101,-3,1.8,26.08,0,0.14,2.07,2,1,2,3,0,2,0,0,NA,NA,NA,NA,NA,NA
"223","Georgia","troup",11578,18143,11,12.17,17.4,1,0.43,0.61,2,1,2,3,0,2,0,0,1.87096774193548,-3.7741935483871,NA,11.5806451612903,-12.8709677419355,3.45161290322581
"224","Georgia","turner",1410,2349,0,0.71,8.95,0,0,0,2,1,2,3,0,2,0,0,NA,NA,NA,NA,NA,NA
"225","Georgia","twiggs",2044,2370,1,1.57,19.35,0,0,0,2,1,2,3,0,2,0,0,NA,NA,NA,NA,NA,NA
"226","Georgia","union",2801,12651,11,5.71,23.31,1,0.43,1.75,2,1,2,3,0,2,0,0,15.5806451612903,22.6923076923077,6,NA,-11.6129032258065,2.45454545454545
"227","Georgia","upson",4201,8608,1,7.6,28.88,0,0.17,0.63,2,1,2,3,0,2,0,0,-5.2258064516129,-3.20833333333333,NA,NA,-15.9032258064516,2.36363636363636
"228","Georgia","walker",5769,23174,20,15.43,22.12,0,0.43,0.61,2,1,2,3,0,2,0,0,6.93548387096774,4.35483870967742,5,NA,-19.1935483870968,3.12903225806452
"229","Georgia","walton",12682,37842,10,13.14,13.89,0,0.29,0.3,2,1,2,3,0,2,0,0,0.0967741935483871,3.83870967741935,NA,NA,-29.1612903225806,3.83870967741935
"230","Georgia","ware",4211,9865,7,12.71,35.58,0,0.43,1.2,2,1,2,3,0,2,0,0,-6.64516129032258,-1.25806451612903,NA,NA,-15.258064516129,4.09090909090909
"231","Georgia","warren",1469,1166,0,1.29,24.47,0,0.14,2.72,2,1,2,3,0,2,0,0,NA,NA,NA,NA,NA,NA
"232","Georgia","washington",4730,4663,10,8,39.27,0,0,0,2,1,2,3,0,2,0,0,-0.25,-15.6428571428571,NA,NA,-12.8709677419355,NA
"233","Georgia","wayne",2687,9987,1,6.86,22.91,0,0,0,2,1,2,3,0,2,0,0,-9.48387096774194,-11.6923076923077,NA,NA,-14.0322580645161,3.77272727272727
"234","Georgia","webster",639,748,0,0,0,0,0,0,2,1,2,3,0,2,0,0,NA,NA,NA,NA,NA,NA
"235","Georgia","wheeler",689,1583,0,0.57,7.27,1,0.29,3.64,2,1,2,3,0,2,0,0,NA,NA,NA,NA,NA,NA
"236","Georgia","white",2411,12222,9,4.71,15.31,0,0.29,0.93,2,1,2,3,0,2,0,0,34,16.6666666666667,51.8888888888889,NA,-10.2903225806452,1.27272727272727
"237","Georgia","whitfield",10670,25636,50,54.43,52.02,0,0,0,2,1,2,3,0,2,0,0,-4.58064516129032,17,6.11111111111111,-1.80645161290323,-10.7741935483871,3
"238","Georgia","wilcox",862,2403,1,1.43,16.54,0,0,0,2,1,2,3,0,2,0,0,NA,NA,NA,NA,NA,NA
"239","Georgia","wilkes",2160,2823,1,4.86,49.68,0,0.14,1.46,2,1,2,3,0,2,0,0,NA,NA,NA,NA,NA,NA
"240","Georgia","wilkinson",2075,2664,0,2,22.34,0,0,0,2,1,2,3,0,2,0,0,NA,NA,NA,NA,NA,NA
"241","Georgia","worth",2395,6830,0,2.14,10.58,0,0.43,2.12,2,1,2,3,0,2,0,0,NA,NA,NA,NA,NA,NA
"242","Michigan","alcona",2142,4848,2,0.71,6.86,0,0.14,1.37,2,1,1,4,1,1,0,1,NA,NA,NA,NA,NA,NA
"243","Michigan","alger",2053,3014,21,5.14,56.47,0,0,0,2,1,1,4,1,1,0,1,NA,NA,NA,NA,NA,NA
"244","Michigan","allegan",24449,41392,53,50.71,42.95,0,0,0,2,1,1,4,1,1,0,1,2.7741935483871,3.93548387096774,NA,0.708333333333333,-19.8709677419355,4.19354838709677
"245","Michigan","alpena",6000,10686,3,4.43,15.59,0,0,0,2,1,1,4,1,1,0,1,0.258064516129032,-4.82608695652174,NA,NA,-12.4516129032258,3.86363636363636
"246","Michigan","antrim",5960,9748,6,3.43,14.7,0,0,0,2,1,1,4,1,1,0,1,NA,NA,NA,NA,NA,NA
"247","Michigan","arenac",2774,5928,3,4,26.88,0,0,0,2,1,1,4,1,1,0,1,NA,NA,NA,NA,NA,NA
"248","Michigan","baraga",1478,2512,16,8.14,99.19,0,0,0,2,1,1,4,1,1,0,1,NA,NA,NA,NA,NA,NA
"249","Michigan","barry",11797,23471,34,31.43,51.06,0,0,0,2,1,1,4,1,1,0,1,-3.67741935483871,17.5,NA,NA,-9.93548387096774,4.48387096774194
"250","Michigan","bay",26151,33125,56,51.14,49.59,0,0.57,0.55,2,1,1,4,1,1,0,1,-7.38709677419355,1.03225806451613,NA,NA,-16.5483870967742,3.61290322580645
"251","Michigan","benzie",5480,6601,4,5.29,29.75,0,0,0,2,1,1,4,1,1,0,1,NA,NA,NA,NA,NA,NA
"252","Michigan","berrien",37438,43519,32,61.14,39.86,3,1.14,0.75,2,1,1,4,1,1,0,1,0.580645161290323,5.74193548387097,102.555555555556,13.1935483870968,-13.8387096774194,3.83870967741935
"253","Michigan","branch",6159,14064,33,24.43,56.14,0,0.14,0.33,2,1,1,4,1,1,0,1,-0.258064516129032,-4.93548387096774,NA,NA,-9.12903225806452,2.7741935483871
"254","Michigan","calhoun",28877,36221,84,93,69.32,1,0.5,0.37,2,1,1,4,1,1,0,1,-9.64516129032258,-3.09677419354839,31.5172413793103,6.35483870967742,-19.9354838709677,4.54838709677419
"255","Michigan","cass",9130,16699,21,23.29,44.96,0,0,0,2,1,1,4,1,1,0,1,-5.83333333333333,NA,NA,NA,-12.0645161290323,3.12903225806452
"256","Michigan","charlevoix",6939,9841,18,9,34.43,0,0,0,2,1,1,4,1,1,0,1,14.6086956521739,11.9285714285714,51,NA,-7.06451612903226,4.27272727272727
"257","Michigan","cheboygan",5437,10186,7,8.86,35.04,1,0.14,0.57,2,1,1,4,1,1,0,1,46.2857142857143,NA,NA,NA,-3.06451612903226,2.27272727272727
"258","Michigan","chippewa",6648,10681,31,12.57,33.66,0,0,0,2,1,1,4,1,1,0,1,1.45161290322581,35.9411764705882,NA,NA,-9.41935483870968,3.86363636363636
"259","Michigan","clare",5199,10861,2,10,32.31,0,0.43,1.38,2,1,1,4,1,1,0,1,17.6,20,NA,NA,-4.96774193548387,3.22727272727273
"260","Michigan","clinton",21968,25098,35,36.43,45.77,0,0,0,2,1,1,4,1,1,0,1,2.48387096774194,0.967741935483871,NA,47.1481481481481,-27,7.61290322580645
"261","Michigan","crawford",2672,5087,1,2.43,17.31,0,0,0,2,1,1,4,1,1,0,1,NA,NA,NA,NA,NA,NA
"262","Michigan","delta",7606,13207,36,36.43,101.8,0,2,5.59,2,1,1,4,1,1,0,1,-3.03225806451613,3.69230769230769,NA,NA,-13.1290322580645,5.40909090909091
"263","Michigan","dickinson",4744,9617,23,28.14,111.51,0,0.14,0.57,2,1,1,4,1,1,0,1,-9,9.77777777777778,NA,NA,-18.4516129032258,6.68181818181818
"264","Michigan","eaton",31299,31798,31,33.43,30.32,1,0.14,0.13,2,1,1,4,1,1,0,1,-9.64516129032258,-4.48387096774194,NA,NA,-18.8387096774194,7.2258064516129
"265","Michigan","emmet",9662,12135,19,23.86,71.4,0,0.14,0.43,2,1,1,4,1,1,0,1,20.9354838709677,13.4814814814815,NA,NA,-7.25806451612903,3.90909090909091
"266","Michigan","gd. traverse",28683,30502,NA,NA,NA,NA,NA,NA,2,1,1,4,1,1,0,1,NA,NA,NA,NA,NA,NA
"267","Michigan","genesee",119390,98714,122,130.43,32.14,4,1.29,0.32,2,1,1,4,1,1,0,1,-8.67741935483871,-5.2258064516129,94.8387096774194,-17.741935483871,-22.5161290322581,4.67741935483871
"268","Michigan","gladwin",4524,9893,1,7.29,28.63,1,0.14,0.56,2,1,1,4,1,1,0,1,5.5,11.3529411764706,NA,NA,-5.58064516129032,3.22727272727273
"269","Michigan","gogebic",3570,4600,4,12,85.87,0,1,7.16,2,1,1,4,1,1,0,1,NA,NA,NA,NA,NA,NA
"270","Michigan","gratiot",6693,12102,27,21,51.58,0,0.14,0.35,2,1,1,4,1,1,0,1,-4.38709677419355,4.89655172413793,NA,NA,-12.8709677419355,3
"271","Michigan","hillsdale",5883,17037,19,17.14,37.59,0,0,0,2,1,1,4,1,1,0,1,2,16.0454545454545,NA,NA,-11.9354838709677,2.7741935483871
"272","Michigan","houghton",7750,10378,23,14.29,40.03,0,0,0,2,1,1,4,1,1,0,1,-16.8148148148148,2.375,-21.6774193548387,NA,-21.5483870967742,10.7727272727273
"273","Michigan","huron",5490,12731,18,6.86,22.13,0,0.29,0.92,2,1,1,4,1,1,0,1,-0.2,NA,NA,NA,-3.7741935483871,2.77272727272727
"274","Michigan","ingham",94212,47639,40,64.14,21.94,0,0.71,0.24,2,1,1,4,1,1,0,1,-24.9354838709677,-5.35483870967742,51.9677419354839,-43.5483870967742,-31.1612903225806,9.61290322580645
"275","Michigan","ionia",10901,20657,595,26.67,41.22,0,0,0,2,1,1,4,1,1,0,1,-1.48387096774194,4.64516129032258,NA,-3.04,-14.5806451612903,3.25806451612903
"276","Michigan","iosco",5373,9759,12,7,27.86,1,0.14,0.57,2,1,1,4,1,1,0,1,6.54166666666667,34.48,NA,NA,-7.06451612903226,3.77272727272727
"277","Michigan","iron",2493,4216,4,7.71,69.71,1,0.29,2.58,2,1,1,4,1,1,0,1,NA,NA,NA,NA,NA,NA
"278","Michigan","isabella",14072,14815,16,23.43,33.53,0,0,0,2,1,1,4,1,1,0,1,-9.19354838709677,1.29032258064516,NA,NA,-18.258064516129,4.2258064516129
"279","Michigan","jackson",31995,47372,55,51.71,32.63,0,0.57,0.36,2,1,1,4,1,1,0,1,-6.25806451612903,-3.12903225806452,NA,-1.25,-20.1935483870968,4.74193548387097
"280","Michigan","kalamazoo",83686,56823,121,97.71,36.86,3,1.71,0.65,2,1,1,4,1,1,0,1,-14.9354838709677,-4.64516129032258,78.2666666666667,-20.6774193548387,-23.3870967741935,6.90322580645161
"281","Michigan","kalkaska",3002,7436,3,4.43,24.55,0,0,0,2,1,1,4,1,1,0,1,NA,NA,NA,NA,NA,NA
"282","Michigan","kent",187915,165741,361,374.71,57.04,4,1.29,0.2,2,1,1,4,1,1,0,1,-16.2258064516129,-7.61290322580645,78.5161290322581,-39.7096774193548,-23.0645161290323,6.64516129032258
"283","Michigan","keweenaw",672,862,0,1.4,66.16,0,0,0,2,1,1,4,1,1,0,1,NA,NA,NA,NA,NA,NA
"284","Michigan","lake",2288,3946,3,2.29,19.28,0,0,0,2,1,1,4,1,1,0,1,NA,NA,NA,NA,NA,NA
"285","Michigan","lapeer",16367,35482,23,19.86,22.67,0,0,0,2,1,1,4,1,1,0,1,-1.54838709677419,-0.129032258064516,7.12903225806452,NA,-17.9677419354839,3.2258064516129
"286","Michigan","leelanau",8795,7916,2,3.5,16.08,0,0,0,2,1,1,4,1,1,0,1,NA,NA,NA,NA,NA,NA
"287","Michigan","lenawee",20918,31541,9,17.71,17.99,0,0.14,0.15,2,1,1,4,1,1,0,1,-12.0322580645161,-3.87096774193548,NA,NA,-14.6774193548387,3.80645161290323
"288","Michigan","livingston",48220,76982,66,57.29,29.84,0,0.29,0.15,2,1,1,4,1,1,0,1,-16.0322580645161,0.516129032258065,24.5483870967742,NA,-24.4838709677419,7.29032258064516
"289","Michigan","luce",842,2109,173,7.6,122.01,-1,0.17,2.68,2,1,1,4,1,1,0,1,NA,NA,NA,NA,NA,NA
"290","Michigan","mackinac",2632,4304,1,3,27.78,0,0,0,2,1,1,4,1,1,0,1,NA,NA,NA,NA,NA,NA
"291","Michigan","macomb",223952,263863,258,298.57,34.16,4,2.14,0.25,2,1,1,4,1,1,0,1,-13.0322580645161,-7.32258064516129,143.225806451613,-34.1290322580645,-25.6774193548387,7.06451612903226
"292","Michigan","manistee",6107,8321,6,5.29,21.52,0,0,0,2,1,1,4,1,1,0,1,23,NA,NA,NA,-9.7741935483871,5
"293","Michigan","marquette",20465,16286,886,44.67,66.97,2,0.43,0.64,2,1,1,4,1,1,0,1,-3.58064516129032,1.09677419354839,26.6842105263158,NA,-21.3225806451613,5.29032258064516
"294","Michigan","mason",6802,10207,15,10.86,37.25,0,0.29,0.98,2,1,1,4,1,1,0,1,10.3548387096774,13.375,NA,NA,-7.41935483870968,3.81818181818182
"295","Michigan","mecosta",7375,13267,22,22.57,51.94,0,0,0,2,1,1,4,1,1,0,1,2.54838709677419,19.1034482758621,NA,NA,-14.6129032258065,4.23076923076923
"296","Michigan","menominee",4316,8117,33,15.14,66.47,1,0.29,1.25,2,1,1,4,1,1,0,1,NA,NA,NA,NA,NA,NA
"297","Michigan","midland",20493,27675,63,39.14,47.07,0,0,0,2,1,1,4,1,1,0,1,-9.35483870967742,-1.35483870967742,14.8333333333333,NA,-18.2903225806452,5.7741935483871
"298","Michigan","missaukee",1967,6648,8,4.43,29.29,0,0,0,2,1,1,4,1,1,0,1,NA,NA,NA,NA,NA,NA
"299","Michigan","monroe",32975,52710,29,42.14,28,2,1.14,0.76,2,1,1,4,1,1,0,1,-4.19354838709677,-4.90322580645161,72.3103448275862,29.9354838709677,-19.1935483870968,4.06451612903226
"300","Michigan","montcalm",9703,21815,13,29.43,46.06,1,0.17,0.26,2,1,1,4,1,1,0,1,4.7741935483871,8.48387096774194,NA,NA,-8.32258064516129,2.90322580645161
"301","Michigan","montmorency",1628,4171,1,1.71,18.38,0,0,0,2,1,1,4,1,1,0,1,NA,NA,NA,NA,NA,NA
"302","Michigan","muskegon",45643,45133,115,104.29,60.08,3,0.71,0.41,2,1,1,4,1,1,0,1,-4.12903225806452,2,70.1904761904762,NA,-17.4193548387097,3.64516129032258
"303","Michigan","newaygo",7873,18857,21,21.43,43.75,-1,0.17,0.34,2,1,1,4,1,1,0,1,2.87096774193548,3.80645161290323,139,NA,-12.9677419354839,2.80645161290323
"304","Michigan","oakland",434148,325971,363,395.71,31.47,3,1,0.08,2,1,1,4,1,1,0,1,-18.2903225806452,-9.83870967741935,80.9677419354839,-36.4516129032258,-31.6129032258065,10.9032258064516
"305","Michigan","oceana",4944,8892,11,12.14,45.88,0,0,0,2,1,1,4,1,1,0,1,12,NA,10.1290322580645,NA,-4.48387096774194,3.5
"306","Michigan","ogemaw",3475,8253,8,5.57,26.53,0,0,0,2,1,1,4,1,1,0,1,20.037037037037,17.5909090909091,NA,NA,-4.41935483870968,2.45454545454545
"307","Michigan","ontonagon",1391,2358,16,6,104.9,0,0.14,2.5,2,1,1,4,1,1,0,1,NA,NA,NA,NA,NA,NA
"308","Michigan","osceola",3214,8928,8,7.14,30.45,0,0,0,2,1,1,4,1,1,0,1,NA,NA,NA,NA,NA,NA
"309","Michigan","oscoda",1342,3466,2,1.14,13.87,0,0,0,2,1,1,4,1,1,0,1,NA,NA,NA,NA,NA,NA
"310","Michigan","otsego",4743,9779,20,9.43,38.22,0,0,0,2,1,1,4,1,1,0,1,7.90322580645161,20.4,NA,NA,-12.3870967741935,3.5
"311","Michigan","ottawa",64705,100913,200,160.86,55.12,3,1.29,0.44,2,1,1,4,1,1,0,1,-6.25806451612903,4.25806451612903,113.548387096774,-4.4,-13.9032258064516,5.2258064516129
"312","Michigan","presque isle",2911,5342,5,4.17,33.09,0,0,0,2,1,1,4,1,1,0,1,NA,NA,NA,NA,NA,NA
"313","Michigan","roscommon",5166,9670,2,7.14,29.74,0,0,0,2,1,1,4,1,1,0,1,11.6551724137931,19.5,NA,NA,0.709677419354839,1.86363636363636
"314","Michigan","saginaw",51088,50785,82,87.43,45.88,0,0.71,0.37,2,1,1,4,1,1,0,1,-4.2258064516129,-0.161290322580645,NA,1.51612903225806,-24.6129032258065,4.32258064516129
"315","Michigan","sanilac",5966,16194,15,9.29,22.55,0,0,0,2,1,1,4,1,1,0,1,6.68,10.1538461538462,NA,NA,-11.741935483871,3.13636363636364
"316","Michigan","schoolcraft",1589,3090,4,5,61.77,0,0,0,2,1,1,4,1,1,0,1,NA,NA,NA,NA,NA,NA
"317","Michigan","shiawassee",15347,23149,23,21.29,31.25,0,0,0,2,1,1,4,1,1,0,1,-7.06451612903226,3.74193548387097,NA,NA,-19.6129032258065,3.29032258064516
"318","Michigan","st. clair",31363,59185,52,44,27.65,1,0.29,0.18,2,1,1,4,1,1,0,1,-5.16129032258065,-5.12903225806452,74.8064516129032,8.64516129032258,-10.1290322580645,3.29032258064516
"319","Michigan","st. joseph",9262,18127,64,38.29,62.8,1,0.57,0.94,2,1,1,4,1,1,0,1,1.35483870967742,1.16129032258065,NA,NA,-9.29032258064516,2.80645161290323
"320","Michigan","tuscola",8712,20297,18,16,30.62,0,0.29,0.55,2,1,1,4,1,1,0,1,-5.87096774193548,-2.09090909090909,NA,NA,-13.2903225806452,2.35483870967742
"321","Michigan","van buren",16803,21591,23,35.14,46.44,0,0.14,0.19,2,1,1,4,1,1,0,1,8.96774193548387,13.9032258064516,NA,NA,-0.032258064516129,4.09677419354839
"322","Michigan","washtenaw",157136,56241,75,76.43,20.79,0,0.14,0.04,2,1,1,4,1,1,0,1,-26.0645161290323,-14.8387096774194,84.3225806451613,-42.4814814814815,-37.7096774193548,13.3870967741935
"323","Michigan","wayne",597170,264553,412,421.86,24.12,5,2.14,0.12,2,1,1,4,1,1,0,1,-15.3548387096774,-9.96774193548387,44.1612903225806,-30.9032258064516,-29.0322580645161,6.87096774193548
"324","Michigan","wexford",5838,12102,6,5.57,16.57,0,0,0,2,1,1,4,1,1,0,1,4.25806451612903,20.2903225806452,NA,NA,-7.96774193548387,3
"325","Minnesota","aitkin",3607,6258,5,9,56.65,0,0.29,1.8,3,1,1,3,0,1,0,0,NA,NA,NA,NA,NA,NA
"326","Minnesota","anoka",100893,104902,268,210.71,59.04,2,1.43,0.4,3,1,1,3,0,1,0,0,-8,-6.12903225806452,60.8387096774194,-57.4545454545455,-27.6774193548387,9.45161290322581
"327","Minnesota","becker",6589,12438,20,21.86,63.5,0,0,0,3,1,1,3,0,1,0,0,2.7741935483871,-5.59090909090909,NA,NA,-10.1935483870968,6.86363636363636
"328","Minnesota","beltrami",11426,12188,10,17.14,36.33,0,0.57,1.21,3,1,1,3,0,1,0,0,-2.32258064516129,23.2222222222222,-14.8181818181818,NA,-18.0967741935484,5.8
"329","Minnesota","benton",7280,14382,51,33.57,82.1,0,0.86,2.1,3,1,1,3,0,1,0,0,13.6774193548387,-8.35483870967742,NA,NA,-20.0967741935484,6.52173913043478
"330","Minnesota","big stone",1053,1863,6,6.29,125.94,0,0,0,3,1,1,3,0,1,0,0,NA,NA,NA,NA,NA,NA
"331","Minnesota","blue earth",18330,16731,35,26.86,39.7,0,0,0,3,1,1,3,0,1,0,0,-11.6129032258065,-0.483870967741935,18,NA,-24.7741935483871,6.35483870967742
"332","Minnesota","brown",4753,9552,18,12.71,50.84,0,0,0,3,1,1,3,0,1,0,0,3.7,-7.56521739130435,NA,NA,-13.0967741935484,3.81818181818182
"333","Minnesota","carlton",10098,9791,24,23.86,66.51,1,0.14,0.4,3,1,1,3,0,1,0,0,-5.51612903225806,3.7741935483871,NA,NA,-16.0645161290323,7.31818181818182
"334","Minnesota","carver",30774,34009,46,29.86,28.41,0,0.29,0.27,3,1,1,3,0,1,0,0,-8.35483870967742,-9.51612903225806,15,NA,-24.1935483870968,10.9032258064516
"335","Minnesota","cass",6342,11620,22,16.71,56.13,0,0,0,3,1,1,3,0,1,0,0,NA,NA,NA,NA,NA,NA
"336","Minnesota","chippewa",2226,4250,3,5.86,49.64,0,0,0,3,1,1,3,0,1,0,0,NA,NA,NA,NA,NA,NA
"337","Minnesota","chisago",11806,21916,49,46,81.3,0,0,0,3,1,1,3,0,1,0,0,-2.70967741935484,23.5806451612903,NA,NA,-21.2258064516129,7.35483870967742
"338","Minnesota","clay",16357,15043,50,57.14,88.98,0,0.43,0.67,3,1,1,3,0,1,0,0,-7.19354838709677,0.580645161290323,NA,NA,-22.5483870967742,7.54838709677419
"339","Minnesota","clearwater",1260,3372,4,7.57,85.86,0,0.14,1.62,3,1,1,3,0,1,0,0,NA,NA,NA,NA,NA,NA
"340","Minnesota","cook",2496,1203,2,1.43,26.15,0,0,0,3,1,1,3,0,1,0,0,NA,NA,NA,NA,NA,NA
"341","Minnesota","cottonwood",1834,4165,8,6.14,54.87,0,0,0,3,1,1,3,0,1,0,0,NA,NA,NA,NA,NA,NA
"342","Minnesota","crow wing",13726,25676,68,48.14,74,0,0,0,3,1,1,3,0,1,0,0,-2.90322580645161,-4.90322580645161,NA,NA,-16.3548387096774,6
"343","Minnesota","dakota",146155,109638,251,165.29,38.53,2,0.43,0.1,3,1,1,3,0,1,0,0,-8.03225806451613,-11.2903225806452,55.1612903225806,-38.5161290322581,-29.0645161290323,10.5483870967742
"344","Minnesota","dodge",4079,7783,7,6.57,31.39,0,0,0,3,1,1,3,0,1,0,0,NA,NA,NA,NA,NA,NA
"345","Minnesota","douglas",7868,15799,9,24.43,64.05,1,0.29,0.75,3,1,1,3,0,1,0,0,-8.67741935483871,21.4615384615385,NA,NA,-12.3548387096774,6.04545454545455
"346","Minnesota","faribault",2531,5191,4,5.43,39.76,0,0,0,3,1,1,3,0,1,0,0,NA,NA,NA,NA,NA,NA
"347","Minnesota","fillmore",4551,7301,-1,8,37.97,0,0,0,3,1,1,3,0,1,0,0,NA,NA,NA,NA,NA,NA
"348","Minnesota","freeborn",6889,9578,4,12.71,41.99,0,0.14,0.47,3,1,1,3,0,1,0,0,-8.25806451612903,-2.88461538461538,NA,10.5862068965517,-18.9354838709677,5.18181818181818
"349","Minnesota","goodhue",11806,16052,40,24.57,53.02,1,0.29,0.62,3,1,1,3,0,1,0,0,0.935483870967742,2.83870967741935,NA,NA,-18.0645161290323,5.19354838709677
"350","Minnesota","grant",1300,2269,5,2.71,45.45,0,0.14,2.39,3,1,1,3,0,1,0,0,NA,NA,NA,NA,NA,NA
"351","Minnesota","hennepin",532623,205973,759,516.43,40.8,2,1.71,0.14,3,1,1,3,0,1,0,0,-25.6451612903226,-19.0967741935484,32.7096774193548,-50.4838709677419,-37.0322580645161,12.6129032258065
"352","Minnesota","houston",4853,6334,7,8.14,43.78,0,0.14,0.77,3,1,1,3,0,1,0,0,NA,NA,NA,NA,NA,NA
"353","Minnesota","hubbard",4462,8202,17,17.86,83.09,0,0.29,1.33,3,1,1,3,0,1,0,0,NA,NA,NA,NA,NA,NA
"354","Minnesota","isanti",7138,16491,24,16.86,41.52,0,0.29,0.7,3,1,1,3,0,1,0,0,1.96774193548387,-2.35483870967742,NA,NA,-17.5483870967742,6
"355","Minnesota","itasca",10786,15239,18,19,42.1,0,0,0,3,1,1,3,0,1,0,0,-3.64516129032258,9.63636363636364,NA,NA,-17.6451612903226,6.8695652173913
"356","Minnesota","jackson",1745,3948,7,4.43,44.98,0,0,0,3,1,1,3,0,1,0,0,NA,NA,NA,NA,NA,NA
"357","Minnesota","kanabec",2774,6278,6,5.67,34.69,0,0,0,3,1,1,3,0,1,0,0,NA,NA,NA,NA,NA,NA
"358","Minnesota","kandiyohi",8440,14437,21,33.57,77.71,0,0,0,3,1,1,3,0,1,0,0,-2.87096774193548,24.2142857142857,NA,NA,-18.9032258064516,5.53846153846154
"359","Minnesota","kittson",1006,1546,8,4.14,96.39,0,0,0,3,1,1,3,0,1,0,0,NA,NA,NA,NA,NA,NA
"360","Minnesota","koochiching",2659,4131,2,2.67,21.81,0,0,0,3,1,1,3,0,1,0,0,NA,NA,NA,NA,NA,NA
"361","Minnesota","lac qui parle",1446,2528,3,2,30.2,0,0,0,3,1,1,3,0,1,0,0,NA,NA,NA,NA,NA,NA
"362","Minnesota","lake",3647,3393,6,3.57,33.56,0,0,0,3,1,1,3,0,1,0,0,NA,NA,NA,NA,NA,NA
"363","Minnesota","lake of the woods",671,1704,2,2,53.48,0,0,0,3,1,1,3,0,1,0,0,NA,NA,NA,NA,NA,NA
"364","Minnesota","le sueur",5672,10775,10,11,38.08,0,0,0,3,1,1,3,0,1,0,0,NA,NA,NA,NA,NA,NA
"365","Minnesota","lincoln",937,2121,2,3.29,58.27,0,0,0,3,1,1,3,0,1,0,0,NA,NA,NA,NA,NA,NA
"366","Minnesota","lyon",4634,7979,16,14.86,58.32,0,0,0,3,1,1,3,0,1,0,0,-4.41935483870968,NA,NA,NA,-17.4516129032258,6.45454545454545
"367","Minnesota","mahnomen",1112,1142,-1,4,72.37,0,0,0,3,1,1,3,0,1,0,0,NA,NA,NA,NA,NA,NA
"368","Minnesota","marshall",1295,3721,11,10.43,111.7,0,0,0,3,1,1,3,0,1,0,0,NA,NA,NA,NA,NA,NA
"369","Minnesota","martin",3305,7480,4,6.29,31.93,0,0,0,3,1,1,3,0,1,0,0,5.66666666666667,NA,NA,NA,-14.6451612903226,4.36363636363636
"370","Minnesota","mcleod",6413,13986,21,12.71,35.42,0,0,0,3,1,1,3,0,1,0,0,4.19354838709677,32.5,NA,NA,-14.2258064516129,5.08695652173913
"371","Minnesota","meeker",3867,9359,7,7.57,32.6,1,0.14,0.62,3,1,1,3,0,1,0,0,NA,NA,NA,NA,NA,NA
"372","Minnesota","mille lacs",4404,9952,28,15.86,60.35,1,0.86,3.26,3,1,1,3,0,1,0,0,6.91666666666667,NA,NA,NA,-15.9677419354839,6.40909090909091
"373","Minnesota","morrison",4367,14821,38,28.29,84.72,0,0,0,3,1,1,3,0,1,0,0,3.29032258064516,NA,NA,NA,-16.7096774193548,5.95454545454545
"374","Minnesota","mower",8899,10025,2,8.86,22.11,1,0.43,1.07,3,1,1,3,0,1,0,0,-8.06451612903226,-3.90322580645161,NA,NA,-16.4193548387097,4.65384615384615
"375","Minnesota","murray",1449,3363,3,4.57,55.79,0,0,0,3,1,1,3,0,1,0,0,NA,NA,NA,NA,NA,NA
"376","Minnesota","nicollet",9622,9018,19,11.71,34.18,0,0,0,3,1,1,3,0,1,0,0,-6.53846153846154,-2.7037037037037,NA,NA,-21,7.04545454545455
"377","Minnesota","nobles",2933,5600,25,23.71,109.64,1,0.57,2.64,3,1,1,3,0,1,0,0,-3.14285714285714,NA,NA,12.5,-16.0322580645161,4.54545454545455
"378","Minnesota","norman",1404,1953,4,4.86,76.19,0,0,0,3,1,1,3,0,1,0,0,NA,NA,NA,NA,NA,NA
"379","Minnesota","olmsted",49491,39692,49,60.14,37.99,0,0,0,3,1,1,3,0,1,0,0,-20.258064516129,11.1290322580645,56,-41.0322580645161,-23.2903225806452,8.45161290322581
"380","Minnesota","otter tail",11958,23800,22,25.57,43.53,0,0.14,0.24,3,1,1,3,0,1,0,0,3.45161290322581,15.7307692307692,NA,NA,-10.258064516129,4.67741935483871
"381","Minnesota","pennington",2568,4532,2,4.71,33.39,0,0.14,1.01,3,1,1,3,0,1,0,0,-10.1428571428571,NA,NA,NA,-25.9090909090909,NA
"382","Minnesota","pine",5419,10256,17,12.71,42.98,0,0.14,0.48,3,1,1,3,0,1,0,0,8.19354838709677,-4.38888888888889,NA,NA,-14.2903225806452,4.72727272727273
"383","Minnesota","pipestone",1306,3553,4,5.43,59.48,0,0,0,3,1,1,3,0,1,0,0,NA,NA,NA,NA,NA,NA
"384","Minnesota","polk",5439,9865,60,49.43,157.6,1,0.29,0.91,3,1,1,3,0,1,0,0,-5.90322580645161,NA,NA,NA,-18.9354838709677,6.59090909090909
"385","Minnesota","pope",2477,4417,3,3.14,27.94,0,0,0,3,1,1,3,0,1,0,0,NA,NA,NA,NA,NA,NA
"386","Minnesota","ramsey",211620,77376,306,215.86,39.22,0,3.14,0.57,3,1,1,3,0,1,0,0,-20.8064516129032,-16.1612903225806,18.4516129032258,-31.741935483871,-31.6774193548387,10.8709677419355
"387","Minnesota","red lake",691,1454,3,2,49.32,0,0,0,3,1,1,3,0,1,0,0,NA,NA,NA,NA,NA,NA
"388","Minnesota","redwood",2355,5771,11,8,52.74,0,0.14,0.94,3,1,1,3,0,1,0,0,-2,NA,NA,NA,-15.25,NA
"389","Minnesota","renville",2496,5467,9,8.71,59.9,0,0.14,0.98,3,1,1,3,0,1,0,0,NA,NA,NA,NA,NA,NA
"390","Minnesota","rice",17402,17464,25,21.29,31.78,0,0.29,0.43,3,1,1,3,0,1,0,0,-9.25806451612903,-12.2258064516129,-7,NA,-22.9677419354839,6.7741935483871
"391","Minnesota","rock",1556,3583,1,7.71,82.82,0,0.29,3.07,3,1,1,3,0,1,0,0,NA,NA,NA,NA,NA,NA
"392","Minnesota","roseau",2188,6065,7,17.43,114.93,0,0,0,3,1,1,3,0,1,0,0,NA,NA,NA,NA,NA,NA
"393","Minnesota","scott",40040,45872,95,73.86,49.56,0,0.43,0.29,3,1,1,3,0,1,0,0,-5.29032258064516,0.258064516129032,51.1290322580645,-58,-29.8387096774194,10.1290322580645
"394","Minnesota","sherburne",18065,36222,76,58.14,59.79,0,0.29,0.29,3,1,1,3,0,1,0,0,10.5161290322581,-6.80645161290323,NA,NA,-22,6.58064516129032
"395","Minnesota","sibley",2417,5864,5,5,33.64,0,0,0,3,1,1,3,0,1,0,0,NA,NA,NA,NA,NA,NA
"396","Minnesota","st. louis",67704,49017,80,77,38.68,0,0.71,0.36,3,1,1,3,0,1,0,0,-9.67741935483871,-3.83870967741935,56.3225806451613,-39.3870967741936,-25.6774193548387,7.58064516129032
"397","Minnesota","stearns",31879,50959,168,136.43,84.7,0,1.29,0.8,3,1,1,3,0,1,0,0,-6.61290322580645,-3.51612903225806,-18.1935483870968,-13.8709677419355,-16.1612903225806,6.19354838709677
"398","Minnesota","steele",7917,12656,17,13.14,35.86,0,0.14,0.39,3,1,1,3,0,1,0,0,3.38709677419355,21.9354838709677,-32,-76.8,-17.6451612903226,6.63636363636364
"399","Minnesota","stevens",1922,3044,2,4.17,42.5,0,0,0,3,1,1,3,0,1,0,0,NA,NA,NA,NA,NA,NA
"400","Minnesota","swift",1784,3316,4,6.71,72.46,0,0.14,1.54,3,1,1,3,0,1,0,0,NA,NA,NA,NA,NA,NA
"401","Minnesota","todd",3286,9753,19,22.57,91.52,0,0.14,0.58,3,1,1,3,0,1,0,0,NA,NA,NA,NA,NA,NA
"402","Minnesota","traverse",661,1172,0,0.71,21.92,0,0,0,3,1,1,3,0,1,0,0,NA,NA,NA,NA,NA,NA
"403","Minnesota","wabasha",4696,8153,5,8.86,40.95,0,0.14,0.66,3,1,1,3,0,1,0,0,NA,NA,NA,NA,NA,NA
"404","Minnesota","wadena",2023,5520,10,9,65.78,1,0.14,1.04,3,1,1,3,0,1,0,0,-3,NA,NA,NA,-20.3181818181818,NA
"405","Minnesota","waseca",3496,6624,2,4.29,23.03,0,0.14,0.77,3,1,1,3,0,1,0,0,NA,NA,NA,NA,NA,NA
"406","Minnesota","washington",89165,73764,248,178.71,68.1,0,0.43,0.16,3,1,1,3,0,1,0,0,-6.54838709677419,-8,96.0645161290323,-21.3913043478261,-30.258064516129,11.0645161290323
"407","Minnesota","watonwan",1987,3103,6,3.29,30.15,0,0,0,3,1,1,3,0,1,0,0,NA,NA,NA,NA,NA,NA
"408","Minnesota","wilkin",1026,2328,1,2.14,34.52,0,0,0,3,1,1,3,0,1,0,0,NA,NA,NA,NA,NA,NA
"409","Minnesota","winona",13333,13227,30,26.43,52.35,0,0,0,3,1,1,3,0,1,0,0,-11.1612903225806,22.0357142857143,NA,-20.8,-20.6451612903226,7.26923076923077
"410","Minnesota","wright",28430,51973,95,76.57,55.34,0,0.14,0.1,3,1,1,3,0,1,0,0,-4.41935483870968,5.93548387096774,28.2142857142857,NA,-21.0645161290323,7.45161290322581
"411","Minnesota","yellow medicine",1688,3734,6,7.57,77.98,0,0.14,1.47,3,1,1,3,0,1,0,0,NA,NA,NA,NA,NA,NA
"412","North Carolina","alamance",38825,46056,27,45.29,26.72,0,1.29,0.76,2,2,1,3,1,1,1,0,-9.03225806451613,-2.25806451612903,19.8571428571429,1.67741935483871,-20.258064516129,5.45161290322581
"413","North Carolina","alexander",4145,15888,29,22.57,60.2,0,0.14,0.38,2,2,1,3,1,1,1,0,-6,9.81818181818182,NA,NA,-13.8064516129032,2.77272727272727
"414","North Carolina","alleghany",1486,4527,7,4.29,38.48,0,0,0,2,2,1,3,1,1,1,0,NA,NA,NA,NA,NA,NA
"415","North Carolina","anson",5789,5321,3,3.33,13.64,0,0.29,1.17,2,2,1,3,1,1,1,0,-17.625,NA,NA,NA,-18.8387096774194,2.91666666666667
"416","North Carolina","ashe",4164,11451,11,10.71,39.39,0,0,0,2,2,1,3,1,1,1,0,23.75,15.5,NA,NA,-18.2903225806452,3.61111111111111
"417","North Carolina","avery",2191,7172,18,8,45.57,1,0.29,1.63,2,2,1,3,1,1,1,0,NA,NA,NA,NA,NA,NA
"418","North Carolina","beaufort",9633,16437,8,12.57,26.75,1,0.57,1.22,2,2,1,3,1,1,1,0,-9.38709677419355,-2.90322580645161,21.7142857142857,NA,-15.6451612903226,1.92307692307692
"419","North Carolina","bertie",5939,3817,3,2.33,12.32,1,0.29,1.51,2,2,1,3,1,1,1,0,NA,NA,NA,NA,NA,NA
"420","North Carolina","bladen",7326,9676,2,4.5,13.75,0,0,0,2,2,1,3,1,1,1,0,-6.75,-2.59090909090909,NA,NA,-18.8387096774194,4.40909090909091
"421","North Carolina","brunswick",33310,55850,14,14.71,10.3,3,1,0.7,2,2,1,3,1,1,1,0,1.80645161290323,2.41935483870968,63.0967741935484,NA,-17.1612903225806,3.41935483870968
"422","North Carolina","buncombe",96515,62412,39,38.86,14.88,1,1,0.38,2,2,1,3,1,1,1,0,-9.06451612903226,0.161290322580645,43.8387096774194,-19.1612903225806,-22.8387096774194,5.58064516129032
"423","North Carolina","burke",13118,31019,30,26.57,29.37,0,0.57,0.63,2,2,1,3,1,1,1,0,-6.48387096774194,-0.612903225806452,40.2222222222222,NA,-14.3548387096774,2.93548387096774
"424","North Carolina","cabarrus",52162,63237,55,43.29,20,2,0.57,0.26,2,2,1,3,1,1,1,0,-11.3225806451613,-4.67741935483871,35.8461538461538,-18.4193548387097,-29.0967741935484,7.09677419354839
"425","North Carolina","caldwell",10245,32119,41,38.29,46.59,0,0,0,2,2,1,3,1,1,1,0,-1.93548387096774,-5.58064516129032,8,NA,-15.4838709677419,2.48387096774194
"426","North Carolina","camden",1537,4312,0,1.29,11.83,0,0,0,2,2,1,3,1,1,1,0,NA,NA,NA,NA,NA,NA
"427","North Carolina","carteret",12093,30028,24,15.29,22,0,0,0,2,2,1,3,1,1,1,0,10.6129032258065,13.6451612903226,41.3548387096774,NA,-5.90322580645161,2.7741935483871
"428","North Carolina","caswell",4860,7089,9,6.33,28.02,0,0,0,2,2,1,3,1,1,1,0,NA,NA,NA,NA,NA,NA
"429","North Carolina","catawba",25689,56588,108,67.43,42.26,0,0.14,0.09,2,2,1,3,1,1,1,0,-11.5161290322581,-3.2258064516129,29.1666666666667,2.2258064516129,-18.4516129032258,2.7741935483871
"430","North Carolina","chatham",26787,21186,14,10.14,13.62,0,0,0,2,2,1,3,1,1,1,0,-8.64516129032258,1.45161290322581,-14.3333333333333,NA,-29,7.61290322580645
"431","North Carolina","cherokee",3583,12628,9,3,10.49,0,0.14,0.5,2,2,1,3,1,1,1,0,14.6129032258065,13.0909090909091,NA,NA,-11.9354838709677,3.18181818181818
"432","North Carolina","chowan",3247,4471,6,2.57,18.44,1,0.43,3.07,2,2,1,3,1,1,1,0,NA,NA,NA,NA,NA,NA
"433","North Carolina","clay",1699,5112,4,4.5,40.07,0,0,0,2,2,1,3,1,1,1,0,NA,NA,NA,NA,NA,NA
"434","North Carolina","cleveland",16955,33798,38,38.71,39.53,1,0.29,0.29,2,2,1,3,1,1,1,0,-4.06451612903226,-1.32258064516129,11.6666666666667,NA,-12.3870967741935,2.2258064516129
"435","North Carolina","columbus",9446,16832,6,17.57,31.66,1,0.14,0.26,2,2,1,3,1,1,1,0,1.80645161290323,2.03225806451613,NA,NA,-14.9032258064516,2.41935483870968
"436","North Carolina","craven",21148,31032,24,21.57,21.12,0,0.29,0.28,2,2,1,3,1,1,1,0,-11.7741935483871,0.516129032258065,36.9354838709677,NA,-18,4.2258064516129
"437","North Carolina","cumberland",84469,60032,49,60.43,18.01,2,0.57,0.17,2,2,1,3,1,1,1,0,-10.7096774193548,-4.58064516129032,34.6774193548387,-0.967741935483871,-26.258064516129,5.32258064516129
"438","North Carolina","currituck",4195,11657,5,1.43,5.15,0,0,0,2,2,1,3,1,1,1,0,33,NA,NA,NA,-9.83870967741935,4.86363636363636
"439","North Carolina","dare",9936,13938,11,4,10.81,0,0,0,2,2,1,3,1,1,1,0,58.6129032258064,51.8709677419355,155.032258064516,NA,-0.935483870967742,1.80769230769231
"440","North Carolina","davidson",22636,64658,26,33.29,19.86,0,0.14,0.09,2,2,1,3,1,1,1,0,-7.25806451612903,0.419354838709677,33,-6,-16.0322580645161,3.41935483870968
"441","North Carolina","davie",6713,18228,4,7.14,16.67,0,0,0,2,2,1,3,1,1,1,0,0.806451612903226,1.19354838709677,NA,12.1290322580645,-21.5806451612903,4.15384615384615
"442","North Carolina","duplin",8767,13793,24,16,27.24,0,0,0,2,2,1,3,1,1,1,0,-3.7741935483871,0.483870967741935,NA,4.7,-10.1290322580645,2.19354838709677
"443","North Carolina","durham",144688,32459,67,63,19.6,0,0.29,0.09,2,2,1,3,1,1,1,0,-26.1612903225806,-11.1290322580645,-3.51612903225806,-45.9677419354839,-35.7096774193548,10.6451612903226
"444","North Carolina","edgecombe",16089,9206,26,17.29,33.58,1,0.71,1.39,2,2,1,3,1,1,1,0,-6.5,-3.51612903225806,NA,NA,-18.9677419354839,3.51612903225806
"445","North Carolina","forsyth",113033,85064,47,82.86,21.67,0,0.29,0.07,2,2,1,3,1,1,1,0,-11.5806451612903,-7,56.2903225806452,-24.7096774193548,-27,6.09677419354839
"446","North Carolina","franklin",15879,20901,1,8.71,12.51,0,0,0,2,2,1,3,1,1,1,0,-6.29032258064516,6.25806451612903,NA,NA,-20.5806451612903,4.74193548387097
"447","North Carolina","gaston",40959,73033,60,95.43,42.5,6,3.71,1.65,2,2,1,3,1,1,1,0,-8.16129032258065,0.387096774193548,41.1290322580645,NA,-18.8387096774194,4.64516129032258
"448","North Carolina","gates",2546,3367,1,0.67,5.77,0,0,0,2,2,1,3,1,1,1,0,NA,NA,NA,NA,NA,NA
"449","North Carolina","graham",905,3710,1,1,11.85,0,0,0,2,2,1,3,1,1,1,0,NA,NA,NA,NA,NA,NA
"450","North Carolina","granville",14565,16647,58,22.67,37.5,1,0.14,0.24,2,2,1,3,1,1,1,0,-2.09677419354839,-8.7741935483871,NA,NA,-21.4838709677419,5.54838709677419
"451","North Carolina","greene",3832,4874,5,4.14,19.66,2,0.29,1.36,2,2,1,3,1,1,1,0,NA,NA,NA,NA,NA,NA
"452","North Carolina","guilford",173086,107294,146,127.86,23.8,1,0.86,0.16,2,2,1,3,1,1,1,0,-14.4838709677419,-8.48387096774194,33.3225806451613,-31.4193548387097,-28.0645161290323,6.90322580645161
"453","North Carolina","halifax",15545,10080,23,16.71,33.42,1,0.14,0.29,2,2,1,3,1,1,1,0,-1.25806451612903,1.67741935483871,NA,NA,-17.7096774193548,2.29032258064516
"454","North Carolina","harnett",22093,35177,16,26.71,19.65,0,0.57,0.42,2,2,1,3,1,1,1,0,-6.38709677419355,-0.032258064516129,-2.25,15.5483870967742,-17.6451612903226,4.70967741935484
"455","North Carolina","haywood",13144,22834,12,8,12.84,0,0,0,2,2,1,3,1,1,1,0,16.9677419354839,17,101,23.4838709677419,-16.7741935483871,2.96774193548387
"456","North Carolina","henderson",27211,40032,18,13.14,11.19,0,0.14,0.12,2,2,1,3,1,1,1,0,0.451612903225806,3.58064516129032,86,-24.8518518518519,-17.4516129032258,3.25806451612903
"457","North Carolina","hertford",7097,3479,5,3,12.67,1,0.14,0.6,2,2,1,3,1,1,1,0,-7.96153846153846,-1.83333333333333,NA,NA,-15.4516129032258,2.33333333333333
"458","North Carolina","hoke",11804,9453,4,9.86,17.85,0,0,0,2,2,1,3,1,1,1,0,0.857142857142857,-2.66666666666667,NA,NA,-19.6129032258065,4.90322580645161
"459","North Carolina","hyde",1046,1418,2,0.5,10.13,0,0,0,2,2,1,3,1,1,1,0,NA,NA,NA,NA,NA,NA
"460","North Carolina","iredell",33888,67010,45,35.71,19.64,0,0,0,2,2,1,3,1,1,1,0,-13.0322580645161,-0.870967741935484,59.0645161290323,10.9032258064516,-23.1612903225806,4.41935483870968
"461","North Carolina","jackson",9591,11356,14,14,31.86,0,0,0,2,2,1,3,1,1,1,0,15.2903225806452,20.4838709677419,NA,NA,-16.4193548387097,3.64516129032258
"462","North Carolina","johnston",41257,68353,47,45.71,21.84,0,0,0,2,2,1,3,1,1,1,0,-4,0.354838709677419,8.6,4.74193548387097,-23.1935483870968,5.83870967741935
"463","North Carolina","jones",2197,3280,-1,1.2,12.74,0,0,0,2,2,1,3,1,1,1,0,NA,NA,NA,NA,NA,NA
"464","North Carolina","lee",12143,16469,9,13.43,21.74,2,0.29,0.46,2,2,1,3,1,1,1,0,-9.32258064516129,-13.0645161290323,NA,NA,-19.5806451612903,4.41935483870968
"465","North Carolina","lenoir",13605,14590,6,17,30.38,1,0.29,0.51,2,2,1,3,1,1,1,0,-13.8387096774194,-0.806451612903226,NA,NA,-15.6451612903226,3.19354838709677
"466","North Carolina","lincoln",13274,36341,20,32.43,37.66,0,0,0,2,2,1,3,1,1,1,0,-7.2258064516129,-7.09677419354839,-25,NA,-23.5483870967742,3.54838709677419
"467","North Carolina","macon",6230,14211,3,3.71,10.36,0,0,0,2,2,1,3,1,1,1,0,11.2903225806452,19.1,NA,NA,-11.258064516129,2.15384615384615
"468","North Carolina","madison",4901,7979,5,9.29,42.68,0,0.57,2.63,2,2,1,3,1,1,1,0,NA,NA,NA,NA,NA,NA
"469","North Carolina","martin",5911,6532,6,6.29,28.01,2,0.43,1.91,2,2,1,3,1,1,1,0,-8.69230769230769,-5.11111111111111,NA,NA,-18.0967741935484,2.81818181818182
"470","North Carolina","mcdowell",5832,16883,7,11.29,24.66,1,0.14,0.31,2,2,1,3,1,1,1,0,4.96774193548387,3.09677419354839,43,6.83870967741935,-15.4838709677419,1.96774193548387
"471","North Carolina","mecklenburg",378107,179211,205,217.71,19.61,3,2.14,0.19,2,2,1,3,1,1,1,0,-21.3548387096774,-9.12903225806452,6.58064516129032,-36.0645161290323,-34.2903225806452,9.32258064516129
"472","North Carolina","mitchell",1867,7090,8,5.43,36.28,0,0,0,2,2,1,3,1,1,1,0,NA,NA,NA,NA,NA,NA
"473","North Carolina","montgomery",4327,8411,5,5.57,20.5,0,0,0,2,2,1,3,1,1,1,0,-0.882352941176471,NA,5,-13.1851851851852,-13.1290322580645,3.31818181818182
"474","North Carolina","moore",20779,36764,11,12,11.9,0,0.86,0.85,2,2,1,3,1,1,1,0,-9.32258064516129,3.09677419354839,-13.6,NA,-16.8387096774194,4.41935483870968
"475","North Carolina","nash",25947,25827,43,39.71,42.12,3,1.43,1.51,2,2,1,3,1,1,1,0,-8.41935483870968,-3.80645161290323,NA,6.07407407407407,-22,3.74193548387097
"476","North Carolina","new hanover",66138,63331,49,41.14,17.55,0,0.43,0.18,2,2,1,3,1,1,1,0,-12.0967741935484,-4.54838709677419,43.9354838709677,-34.741935483871,-20.6774193548387,5.58064516129032
"477","North Carolina","northampton",6069,3989,8,5,25.66,3,0.43,2.2,2,2,1,3,1,1,1,0,NA,NA,NA,NA,NA,NA
"478","North Carolina","onslow",24266,46078,64,49.57,25.04,0,0.57,0.29,2,2,1,3,1,1,1,0,-8.67741935483871,-0.580645161290323,4.90322580645161,-19.2,-19.3548387096774,3.83870967741935
"479","North Carolina","orange",63594,20176,17,16,10.78,0,0.14,0.1,2,2,1,3,1,1,1,0,-29.1612903225806,-15.7741935483871,15.3333333333333,-46.2258064516129,-35.8709677419355,11.4193548387097
"480","North Carolina","pamlico",2713,4849,1,2.29,17.96,0,0.14,1.12,2,2,1,3,1,1,1,0,NA,NA,NA,NA,NA,NA
"481","North Carolina","pasquotank",9832,9770,1,6.43,16.14,0,0,0,2,2,1,3,1,1,1,0,-7.2258064516129,-0.645161290322581,NA,-46,-18.3225806451613,4.03846153846154
"482","North Carolina","pender",11723,21956,9,12.43,19.71,0,0.71,1.13,2,2,1,3,1,1,1,0,3.74193548387097,10.5483870967742,NA,NA,-16.3548387096774,4.16129032258065
"483","North Carolina","perquimans",2492,4903,3,2.57,19.1,0,0,0,2,2,1,3,1,1,1,0,NA,NA,NA,NA,NA,NA
"484","North Carolina","person",8465,13184,14,9.86,24.96,0,0,0,2,2,1,3,1,1,1,0,-11.3225806451613,-1.64516129032258,NA,NA,-21.8709677419355,4.6
"485","North Carolina","pitt",47252,38982,40,37,20.47,0,0.43,0.24,2,2,1,3,1,1,1,0,-13.6451612903226,-4.74193548387097,27,-40.4285714285714,-21.1612903225806,4.87096774193548
"486","North Carolina","polk",4518,7689,-1,3,14.48,1,0.14,0.69,2,2,1,3,1,1,1,0,NA,NA,NA,NA,NA,NA
"487","North Carolina","randolph",15618,56894,72,46.43,32.32,1,0.57,0.4,2,2,1,3,1,1,1,0,-2.35483870967742,10.2258064516129,-24.1612903225806,NA,-10.2903225806452,2.96774193548387
"488","North Carolina","richmond",8754,11830,3,10,22.31,1,0.29,0.64,2,2,1,3,1,1,1,0,8.45161290322581,3.90322580645161,NA,NA,-12.5483870967742,2.58064516129032
"489","North Carolina","robeson",19020,27806,51,40.14,30.73,0,0.29,0.22,2,2,1,3,1,1,1,0,-6.80645161290323,-3.64516129032258,NA,3.45454545454545,-20.0645161290323,3.16129032258065
"490","North Carolina","rockingham",15992,31301,39,35.14,38.61,0,0,0,2,2,1,3,1,1,1,0,-10.8387096774194,-0.483870967741935,-14,-7.77777777777778,-18.0322580645161,3.38709677419355
"491","North Carolina","rowan",23114,49297,24,31.14,21.92,0,0.43,0.3,2,2,1,3,1,1,1,0,-7.7741935483871,1.45161290322581,21.4444444444444,-8.03225806451613,-18.6129032258065,2.87096774193548
"492","North Carolina","rutherford",9135,24891,3,11.29,16.84,3,1.71,2.56,2,2,1,3,1,1,1,0,-6.48387096774194,3.06451612903226,41.6666666666667,NA,-14.8064516129032,1.48387096774194
"493","North Carolina","sampson",10966,17411,21,24.57,38.68,0,0,0,2,2,1,3,1,1,1,0,-1.96774193548387,2.09677419354839,NA,NA,-17.0322580645161,2.19354838709677
"494","North Carolina","scotland",7186,7473,8,8.71,25.02,1,0.71,2.05,2,2,1,3,1,1,1,0,-2.7741935483871,2.46428571428571,NA,NA,-15.8387096774194,3.54545454545455
"495","North Carolina","stanly",8129,25458,6,8.14,12.97,1,2,3.18,2,2,1,3,1,1,1,0,-4.41935483870968,8.41935483870968,NA,NA,-19.3870967741935,2.90322580645161
"496","North Carolina","stokes",5286,20142,4,8.14,17.86,0,0.43,0.94,2,2,1,3,1,1,1,0,-8.03225806451613,6.90322580645161,-46.5,NA,-18.1290322580645,2.61538461538462
"497","North Carolina","surry",8721,27538,12,30.14,41.99,2,0.71,1,2,2,1,3,1,1,1,0,-4.87096774193548,1.12903225806452,37,0.392857142857143,-18.3225806451613,2.61290322580645
"498","North Carolina","swain",2780,4161,3,3.71,26.03,1,0.14,1,2,2,1,3,1,1,1,0,50.2,NA,185.058823529412,NA,-13.4838709677419,NA
"499","North Carolina","transylvania",8444,11636,6,4.57,13.29,0,0,0,2,2,1,3,1,1,1,0,12.2903225806452,12.5909090909091,39.3333333333333,NA,-15.6451612903226,3.68181818181818
"500","North Carolina","tyrrell",758,1044,0,0.14,3.56,0,0,0,2,2,1,3,1,1,1,0,NA,NA,NA,NA,NA,NA
"501","North Carolina","union",48725,80382,44,40,16.68,0,0.14,0.06,2,2,1,3,1,1,1,0,-10.7096774193548,-1.32258064516129,45,-14.3333333333333,-28.1935483870968,6.54838709677419
"502","North Carolina","vance",12431,8391,9,8.29,18.6,0,0,0,2,2,1,3,1,1,1,0,-7.67741935483871,-3.12903225806452,NA,NA,-21.741935483871,3.35483870967742
"503","North Carolina","wake",393336,226197,0,147.43,13.26,2,1,0.09,2,2,1,3,1,1,1,0,-20.1612903225806,-5.54838709677419,29.6451612903226,-49.9032258064516,-35.9677419354839,11.258064516129
"504","North Carolina","warren",6400,3752,2,10.57,53.58,0,0,0,2,2,1,3,1,1,1,0,NA,NA,NA,NA,NA,NA
"505","North Carolina","washington",3396,2781,2,3.29,28.37,0,0,0,2,2,1,3,1,1,1,0,NA,NA,NA,NA,NA,NA
"506","North Carolina","watauga",17122,14451,6,7.86,13.99,0,0,0,2,2,1,3,1,1,1,0,-2.54838709677419,22.5806451612903,NA,NA,-28.1612903225806,7.41935483870968
"507","North Carolina","wayne",24215,30709,31,39.86,32.37,7,1.14,0.93,2,2,1,3,1,1,1,0,-11.6451612903226,1.54838709677419,34.8333333333333,-5.69230769230769,-17.5483870967742,2.64516129032258
"508","North Carolina","wilkes",7511,27592,13,27.86,40.72,3,0.43,0.63,2,2,1,3,1,1,1,0,-2.54838709677419,6.70967741935484,-28,NA,-19.3225806451613,2.96774193548387
"509","North Carolina","wilson",20754,19581,32,35.14,42.96,0,0.14,0.17,2,2,1,3,1,1,1,0,-10.2258064516129,2.16129032258065,NA,NA,-15.8709677419355,3.93548387096774
"510","North Carolina","yadkin",3763,15933,8,16.43,43.62,2,0.29,0.76,2,2,1,3,1,1,1,0,2.92857142857143,1.2258064516129,NA,NA,-18.8387096774194,2.95454545454545
"511","North Carolina","yancey",3688,7516,3,4.71,26.09,1,0.29,1.58,2,2,1,3,1,1,1,0,NA,NA,NA,NA,NA,NA
"512","New Hampshire","belknap",16894,20899,6,4.29,6.99,0,0,0,2,1,1,0,0,1,1,0,8.87096774193548,0.258064516129032,NA,NA,-10,4.80645161290323
"513","New Hampshire","carroll",16649,16150,1,2.14,4.38,0,0,0,2,1,1,0,0,1,1,0,21.5483870967742,27,75.375,NA,-7.48387096774194,4.16129032258065
"514","New Hampshire","cheshire",25506,17892,5,3.14,4.13,0,0,0,2,1,1,0,0,1,1,0,0.548387096774194,4.45161290322581,NA,NA,-16.1612903225806,5.54838709677419
"515","New Hampshire","coos",7640,8617,18,10.43,33.04,0,0,0,2,1,1,0,0,1,1,0,17.4193548387097,15.5909090909091,9,NA,-9.19354838709677,3.86363636363636
"516","New Hampshire","grafton",33180,19905,5,8.86,9.85,0,0,0,2,1,1,0,0,1,1,0,-2.41935483870968,18.9032258064516,69.2068965517241,-16.0769230769231,-20.1935483870968,5.96774193548387
"517","New Hampshire","hillsborough",117548,104625,36,36,8.63,0,0.86,0.21,2,1,1,0,0,1,1,0,-12,-5.87096774193548,87.8064516129032,NA,-22.8387096774194,8.32258064516129
"518","New Hampshire","merrimack",48533,39711,12,14.43,9.53,0,0.29,0.19,2,1,1,0,0,1,1,0,-12.8064516129032,0.935483870967742,44.4838709677419,2.48387096774194,-19.3870967741935,6.83870967741935
"519","New Hampshire","rockingham",100064,95858,34,33.57,10.84,0,0,0,2,1,1,0,0,1,1,0,-4.09677419354839,2.29032258064516,116.677419354839,-10.8709677419355,-23.8064516129032,8.2258064516129
"520","New Hampshire","strafford",41721,30489,7,13.29,10.17,0,0,0,2,1,1,0,0,1,1,0,-3.67741935483871,-4.51612903225806,52,-32.9545454545455,-19.1612903225806,7.38709677419355
"521","New Hampshire","sullivan",12390,11508,4,2.86,6.62,0,0,0,2,1,1,0,0,1,1,0,0,11.2258064516129,NA,NA,-10.741935483871,5.07692307692308
"522","Nevada","carson city",12735,16113,27,13.29,23.76,0,0.14,0.26,2,1,1,2,0,0,0,0,-4.83870967741935,-2.45161290322581,35.25,NA,-20.7741935483871,4.54838709677419
"523","Nevada","churchill",3048,9367,17,8.14,32.69,0,0,0,2,1,1,2,0,0,0,0,7.58064516129032,7.42307692307692,NA,NA,-17.258064516129,3.63636363636364
"524","Nevada","clark",521777,430809,710,621,27.4,22,6.14,0.27,2,1,1,2,0,0,0,0,-17.4516129032258,-8.74193548387097,-16.0322580645161,-32.9677419354839,-31.5483870967742,8.61290322580645
"525","Nevada","douglas",11570,21623,11,4.14,8.47,0,0,0,2,1,1,2,0,0,0,0,-8,5.90322580645161,34.5185185185185,NA,-20.8709677419355,4.48387096774194
"526","Nevada","elko",4555,16734,32,29.43,55.76,0,0,0,2,1,1,2,0,0,0,0,-3.48387096774194,30.16,NA,39.9354838709677,-17.4838709677419,3.64516129032258
"527","Nevada","esmeralda",72,395,NA,NA,NA,NA,NA,NA,2,1,1,2,0,0,0,0,NA,NA,NA,NA,NA,NA
"528","Nevada","eureka",104,887,1,0.43,21.12,0,0,0,2,1,1,2,0,0,0,0,NA,NA,NA,NA,NA,NA
"529","Nevada","humboldt",1689,5877,0,1.86,11.03,0,0,0,2,1,1,2,0,0,0,0,4.92857142857143,NA,NA,44.5161290322581,-14.741935483871,NA
"530","Nevada","lander",496,2198,4,1.14,20.66,0,0,0,2,1,1,2,0,0,0,0,NA,NA,NA,NA,NA,NA
"531","Nevada","lincoln",330,2067,0,0.14,2.76,0,0,0,2,1,1,2,0,0,0,0,NA,NA,NA,NA,NA,NA
"532","Nevada","lyon",8472,20906,6,4,6.96,0,0,0,2,1,1,2,0,0,0,0,0.0645161290322581,15,NA,26.1935483870968,-17.6451612903226,3.29032258064516
"533","Nevada","mineral",824,1420,0,0,0,0,0,0,2,1,1,2,0,0,0,0,NA,NA,NA,NA,NA,NA
"534","Nevada","nye",7287,17527,4,8.43,18.12,0,0,0,2,1,1,2,0,0,0,0,-6.09677419354839,-12.4193548387097,-28.0869565217391,-44.16,-18.5161290322581,3.7741935483871
"535","Nevada","pershing",547,1731,0,0,0,0,0,0,2,1,1,2,0,0,0,0,NA,NA,NA,NA,NA,NA
"536","Nevada","storey",900,1901,0,0.29,6.93,0,0,0,2,1,1,2,0,0,0,0,NA,NA,NA,NA,NA,NA
"537","Nevada","washoe",128052,116653,249,187.43,39.75,0,0.86,0.18,2,1,1,2,0,0,0,0,-9.38709677419355,1.2258064516129,4.83870967741935,-21.5806451612903,-24.2903225806452,5.83870967741935
"538","Nevada","white pine",856,3400,1,1.29,13.42,0,0,0,2,1,1,2,0,0,0,0,NA,NA,NA,NA,NA,NA
"539","Wisconsin","adams",4329,7362,16,17,84.08,0,0.33,1.65,2,1,1,4,1,1,0,0,NA,NA,NA,NA,NA,NA
"540","Wisconsin","ashland",4801,3841,17,7,44.98,0,0,0,2,1,1,4,1,1,0,0,NA,NA,NA,NA,NA,NA
"541","Wisconsin","barron",9194,15803,35,47.29,104.51,1,0.29,0.63,2,1,1,4,1,1,0,0,-2.38709677419355,16.258064516129,NA,NA,-6.61290322580645,3.28571428571429
"542","Wisconsin","bayfield",6147,4617,10,13,86.46,0,0,0,2,1,1,4,1,1,0,0,NA,NA,NA,NA,NA,NA
"543","Wisconsin","brown",65511,75871,185,215,81.27,0,2.17,0.82,2,1,1,4,1,1,0,0,-19.741935483871,8.03225806451613,61.7741935483871,-37.5806451612903,-23.1935483870968,8.48387096774194
"544","Wisconsin","buffalo",2860,4834,11,12.57,96.47,0,0,0,2,1,1,4,1,1,0,0,NA,NA,NA,NA,NA,NA
"545","Wisconsin","burnett",3569,6462,14,5.57,36.15,0,0,0,2,1,1,4,1,1,0,0,NA,NA,NA,NA,NA,NA
"546","Wisconsin","calumet",12116,18156,73,42.43,84.71,0,0.43,0.86,2,1,1,4,1,1,0,0,-19.2258064516129,-1.32258064516129,-40.625,NA,-21.8709677419355,8.25806451612903
"547","Wisconsin","chippewa",13983,21317,94,78.29,121.08,0,1.86,2.87,2,1,1,4,1,1,0,0,-11.1612903225806,12.5161290322581,NA,NA,-16.3548387096774,5.64516129032258
"548","Wisconsin","clark",4524,10002,26,30.71,88.33,0,0.29,0.82,2,1,1,4,1,1,0,0,0.375,NA,NA,NA,-14,4.95454545454545
"549","Wisconsin","columbia",16410,16927,49,40.29,70.02,1,0.43,0.74,2,1,1,4,1,1,0,0,-8.12903225806452,-2.83870967741935,NA,28.5161290322581,-16,6.58064516129032
"550","Wisconsin","crawford",3953,4620,11,12,74.39,0,0.14,0.89,2,1,1,4,1,1,0,0,43,NA,NA,NA,-12.5769230769231,NA
"551","Wisconsin","dane",260185,78800,581,323.71,59.21,0,0.5,0.09,2,1,1,4,1,1,0,0,-30.3548387096774,-2.06451612903226,57.9677419354839,-42.6774193548387,-31.258064516129,13.6451612903226
"552","Wisconsin","dodge",16356,31355,146,142.14,161.82,3,1.71,1.95,2,1,1,4,1,1,0,0,-13.4516129032258,-1.38709677419355,NA,NA,-15.5806451612903,4.48387096774194
"553","Wisconsin","door",10044,9752,31,31.86,115.14,0,0.57,2.07,2,1,1,4,1,1,0,0,57.9677419354839,57.25,NA,NA,3.58064516129032,4.45454545454545
"554","Wisconsin","douglas",13218,10923,23,16.29,37.74,0,0.17,0.39,2,1,1,4,1,1,0,0,-5.32258064516129,-3.35483870967742,NA,NA,-18.0967741935484,6.18518518518519
"555","Wisconsin","dunn",9897,13173,39,36.29,79.98,0,0,0,2,1,1,4,1,1,0,0,-9.06451612903226,7.09677419354839,NA,4.93548387096774,-14.2258064516129,5.03225806451613
"556","Wisconsin","eau claire",31620,25341,130,113,107.98,4,2,1.91,2,1,1,4,1,1,0,0,-15.0645161290323,4.61290322580645,20.3333333333333,-35.8333333333333,-15.1935483870968,7.09677419354839
"557","Wisconsin","florence",781,2133,2,3.17,73.73,0,0.29,6.65,2,1,1,4,1,1,0,0,NA,NA,NA,NA,NA,NA
"558","Wisconsin","fond du lac",20588,35754,101,147.57,142.71,0,0.43,0.41,2,1,1,4,1,1,0,0,-11.2258064516129,-3.2258064516129,80.3333333333333,-9.68181818181818,-12.0967741935484,4.80645161290323
"559","Wisconsin","forest",1721,3285,10,9.29,103.13,0,0.14,1.59,2,1,1,4,1,1,0,0,NA,NA,NA,NA,NA,NA
"560","Wisconsin","grant",10998,14142,88,48.29,93.87,2,1.29,2.5,2,1,1,4,1,1,0,0,-2.61290322580645,15.4838709677419,NA,NA,-14.3870967741935,4.74193548387097
"561","Wisconsin","green",10851,10169,5,19.57,52.95,0,0.17,0.45,2,1,1,4,1,1,0,0,-9.80645161290323,-0.923076923076923,NA,NA,-22.1935483870968,7.46153846153846
"562","Wisconsin","green lake",3344,7168,15,15.43,81.58,0,0.14,0.76,2,1,1,4,1,1,0,0,-1.1875,NA,NA,NA,-8.70967741935484,5
"563","Wisconsin","iowa",7828,5909,35,22.29,94.12,0,0.14,0.6,2,1,1,4,1,1,0,0,-7.71428571428571,NA,NA,NA,-20.3870967741935,7.77272727272727
"564","Wisconsin","iron",1533,2438,15,8.57,150.72,1,0.14,2.51,2,1,1,4,1,1,0,0,NA,NA,NA,NA,NA,NA
"565","Wisconsin","jackson",4256,5791,62,27.86,134.95,0,0.14,0.69,2,1,1,4,1,1,0,0,-9.55555555555556,NA,NA,26.1612903225806,-15.8709677419355,4.5
"566","Wisconsin","jefferson",19904,27208,86,71.14,83.93,0,1.14,1.35,2,1,1,4,1,1,0,0,-15.5483870967742,3.90322580645161,NA,0.037037037037037,-19.6451612903226,5.58064516129032
"567","Wisconsin","juneau",4746,8749,18,19,71.2,0,0.14,0.54,2,1,1,4,1,1,0,0,-1,4.7741935483871,NA,17.5384615384615,-9.61290322580645,3.22727272727273
"568","Wisconsin","kenosha",42193,44972,214,129,76.08,0,2,1.18,2,1,1,4,1,1,0,0,-10.2258064516129,-6.74193548387097,10.8064516129032,-32.0769230769231,-23.5806451612903,5.64516129032258
"569","Wisconsin","kewaunee",3976,7927,44,22.43,109.76,1,0.29,1.4,2,1,1,4,1,1,0,0,NA,NA,NA,NA,NA,NA
"570","Wisconsin","la crosse",37846,28684,105,79.71,67.55,0,0.43,0.36,2,1,1,4,1,1,0,0,-19.6129032258065,7.29032258064516,51.2352941176471,NA,-25.2258064516129,7.64516129032258
"571","Wisconsin","lafayette",3647,4821,11,12.14,72.86,0,0,0,2,1,1,4,1,1,0,0,NA,NA,NA,NA,NA,NA
"572","Wisconsin","langlade",3704,7330,11,24.57,128.05,0,0.43,2.23,2,1,1,4,1,1,0,0,-0.2,3.25,NA,NA,-14.3548387096774,4.33333333333333
"573","Wisconsin","lincoln",6261,10017,37,36.57,132.54,1,0.57,2.07,2,1,1,4,1,1,0,0,-4.90322580645161,-1.07142857142857,NA,NA,-13.9354838709677,6.59090909090909
"574","Wisconsin","manitowoc",16818,27218,117,70.43,89.17,0,0.86,1.09,2,1,1,4,1,1,0,0,-18.3225806451613,6.70967741935484,32.3333333333333,NA,-14.5483870967742,5.25806451612903
"575","Wisconsin","marathon",30808,44624,135,166.57,122.76,6,2.29,1.68,2,1,1,4,1,1,0,0,-19.7741935483871,-2.51612903225806,15.9333333333333,NA,-21.2903225806452,6.93548387096774
"576","Wisconsin","marinette",7366,15304,43,41.57,103.03,2,0.86,2.12,2,1,1,4,1,1,0,0,-3.45161290322581,-0.84,NA,NA,-12.9677419354839,4.77272727272727
"577","Wisconsin","marquette",3239,5719,20,23.86,153.19,3,0.43,2.75,2,1,1,4,1,1,0,0,NA,NA,NA,NA,NA,NA
"578","Wisconsin","menominee",1303,278,11,8.14,178.73,1,0.14,3.14,2,1,1,4,1,1,0,0,NA,NA,NA,NA,NA,NA
"579","Wisconsin","milwaukee",317270,134357,977,721.43,76.28,5,3,0.32,2,1,1,4,1,1,0,0,-20.8709677419355,-8.03225806451613,53,-28.3870967741935,-25.3548387096774,8.25806451612903
"580","Wisconsin","monroe",8433,13775,36,34.29,74.13,0,0.57,1.24,2,1,1,4,1,1,0,0,-4.87096774193548,9.54838709677419,NA,6,-17.0322580645161,4.74193548387097
"581","Wisconsin","oconto",6715,16226,44,38.43,101.31,0,0.71,1.88,2,1,1,4,1,1,0,0,NA,NA,NA,NA,NA,NA
"582","Wisconsin","oneida",10105,13671,12,27.86,78.26,0,0.17,0.47,2,1,1,4,1,1,0,0,-5.51612903225806,12.3461538461538,5.33333333333333,NA,-11.0645161290323,7
"583","Wisconsin","outagamie",47667,58385,153,139.86,74.44,1,1.43,0.76,2,1,1,4,1,1,0,0,-23.5161290322581,-6.96774193548387,55.9354838709677,-25.7096774193548,-22.3225806451613,8.09677419354839
"584","Wisconsin","ozaukee",26517,33912,128,74,82.94,0,0.14,0.16,2,1,1,4,1,1,0,0,-14.6774193548387,-1.35483870967742,44.1071428571429,NA,-29.2903225806452,9.09677419354839
"585","Wisconsin","pepin",1489,2584,15,7.43,101.94,0,0,0,2,1,1,4,1,1,0,0,NA,NA,NA,NA,NA,NA
"586","Wisconsin","pierce",9796,12815,40,28.29,66.16,0,0.14,0.33,2,1,1,4,1,1,0,0,-3.7,NA,NA,NA,-17.741935483871,8.36363636363636
"587","Wisconsin","polk",9370,16611,43,29.43,67.21,0,0,0,2,1,1,4,1,1,0,0,-0.709677419354839,5.45161290322581,24.75,NA,-11.5806451612903,4.25
"588","Wisconsin","portage",20428,19299,71,60.86,85.99,1,0.14,0.2,2,1,1,4,1,1,0,0,-16.6451612903226,-4.93548387096774,39.5,NA,-30.5483870967742,8.19354838709677
"589","Wisconsin","price",3032,5394,10,10.14,75.97,0,0.14,1.07,2,1,1,4,1,1,0,0,NA,NA,NA,NA,NA,NA
"590","Wisconsin","racine",50159,54479,249,199.14,101.44,2,0.57,0.29,2,1,1,4,1,1,0,0,-10.3870967741935,-5.03225806451613,64.8333333333333,-15.1290322580645,-21.3548387096774,6.03225806451613
"591","Wisconsin","richland",3995,4871,14,10.71,62.1,0,0.14,0.83,2,1,1,4,1,1,0,0,0,NA,NA,NA,-17.4516129032258,NA
"592","Wisconsin","rock",46658,37138,96,119.14,72.94,0,0.29,0.17,2,1,1,4,1,1,0,0,-11.0322580645161,-8,61.3333333333333,-17.4516129032258,-19.5161290322581,5.7741935483871
"593","Wisconsin","rusk",2517,5257,29,12.14,85.65,0,0,0,2,1,1,4,1,1,0,0,NA,NA,NA,NA,NA,NA
"594","Wisconsin","sauk",18108,17493,105,52.86,82.02,0,0.14,0.22,2,1,1,4,1,1,0,0,-3.03225806451613,16.5161290322581,85.25,NA,-16.2903225806452,5.54838709677419
"595","Wisconsin","sawyer",4498,5909,9,8.71,52.63,0,0.14,0.86,2,1,1,4,1,1,0,0,1,4.22222222222222,NA,NA,-3.70967741935484,NA
"596","Wisconsin","shawano",7131,15173,32,49,119.81,6,1.29,3.14,2,1,1,4,1,1,0,0,-10.5806451612903,-4.46153846153846,NA,NA,-22.6451612903226,8
"597","Wisconsin","sheboygan",27101,37609,196,132.43,114.82,2,1.14,0.99,2,1,1,4,1,1,0,0,-10.1612903225806,-2.83870967741935,69.2,-6.70967741935484,-13.7096774193548,6
"598","Wisconsin","st. croix",23190,32199,66,65.43,72.15,0,0.14,0.16,2,1,1,4,1,1,0,0,-10.8709677419355,-10.5161290322581,NA,5.82608695652174,-16.9032258064516,7.54838709677419
"599","Wisconsin","taylor",2693,7657,36,19.14,94.1,0,0,0,2,1,1,4,1,1,0,0,-9.19047619047619,NA,NA,NA,-15.4230769230769,5.1
"600","Wisconsin","trempealeau",6285,8833,41,27.71,93.47,1,0.43,1.45,2,1,1,4,1,1,0,0,NA,NA,NA,NA,NA,NA
"601","Wisconsin","vernon",7457,8218,6,9.57,31.05,0,0,0,2,1,1,4,1,1,0,0,-3.41176470588235,NA,NA,NA,-15.8709677419355,5.90909090909091
"602","Wisconsin","vilas",5903,9261,5,17,76.59,1,0.5,2.25,2,1,1,4,1,1,0,0,-15.5555555555556,43.75,14.6666666666667,NA,-5.41935483870968,4.45454545454545
"603","Wisconsin","walworth",22789,33851,115,50.86,48.96,1,0.29,0.28,2,1,1,4,1,1,0,0,-2.38709677419355,15.3870967741935,49.4285714285714,-0.388888888888889,-14.1290322580645,4.41935483870968
"604","Wisconsin","washburn",3867,6334,12,6,38.17,0,0,0,2,1,1,4,1,1,0,0,NA,NA,NA,NA,NA,NA
"605","Wisconsin","washington",26650,60237,230,125.14,91.99,1,0.57,0.42,2,1,1,4,1,1,0,0,-7.06451612903226,3.90322580645161,73.8125,NA,-19.0967741935484,6.45161290322581
"606","Wisconsin","waukesha",103906,159649,335,262.57,64.96,4,1.43,0.35,2,1,1,4,1,1,0,0,-18.0322580645161,-2.25806451612903,87.4838709677419,-21.3703703703704,-25.0645161290323,9.12903225806452
"607","Wisconsin","waupaca",9703,18952,53,55.29,108.42,5,3.29,6.44,2,1,1,4,1,1,0,0,-2.74193548387097,-0.774193548387097,NA,NA,-14.0322580645161,4.96774193548387
"608","Wisconsin","waushara",4388,9016,190,43,175.92,0,0,0,2,1,1,4,1,1,0,0,NA,NA,NA,NA,NA,NA
"609","Wisconsin","winnebago",44060,47796,142,140.29,81.61,6,2,1.16,2,1,1,4,1,1,0,0,-17.6451612903226,-9.16129032258065,62.9032258064516,0.222222222222222,-21.3225806451613,7.96774193548387
"610","Wisconsin","wood",16365,24308,87,56.57,77.5,0,0.14,0.2,2,1,1,4,1,1,0,0,-13.3225806451613,-7.70967741935484,NA,NA,-17.4838709677419,5.32258064516129
